year,province,crop,precipitation(mm),harvested area (acres),yield (tonnes/acres),production (tonnes),farm gate value ($)
1995,AB,corn ,350.1,4940,5.51,27203,4115548
1996,AB,corn ,482.1,5025,5.41,27208,4196498
1997,AB,corn ,491.3,4897.5,5.46,26726.5,4201007
1998,AB,corn ,489.1,4770,5.5,26245,4202678
1999,AB,corn ,423.8,4900,2.97,14560,2374444
2000,AB,corn ,396.5,4950,4.51,22318,3705400
2001,AB,corn ,352.1,5290,4.53,23945,4046103
2002,AB,corn ,235.2,4450,4.65,20690,3557072
2003,AB,corn ,473.4,5550,3.43,19050,3222099
2004,AB,corn ,525.5,4300,4.19,18000,3097557
2005,AB,corn ,287.2,3465,3.9,13500,2362958
2006,AB,corn ,442.5,4000,4.06,16250,2892197
2007,AB,corn ,272,4000,4.01,16050,2903907
2008,AB,corn ,292.7,4000,4,16000,2942020
2009,AB,corn ,243.5,3800,4.47,17000,3176003
2010,AB,corn ,383,3282,4.51,14815,2811459
2011,AB,corn ,391.4,4007,3.5,14029,2647101
2012,AB,corn ,369.5,3017,4.67,14102,3116340
2013,AB,corn ,483.5,3367,4.28,14407,3163414
2014,AB,corn ,360,3062,5.41,16578,3015343
2015,AB,corn ,289.3,2760,5.64,15558,3081063
2016,AB,corn ,489.5,2457,6.74,16548,3755326
2017,AB,corn ,376.3,2065,7.87,16259,3454814
2018,AB,corn ,368.6,2126,6.85,14554,3438888
2019,AB,corn ,463,2000,7.11,14224,3626885
2020,AB,corn ,498.7,2505,5.91,14794,3985985
2021,AB,corn ,270.6,2588,4.99,12919,3689428
2022,AB,corn ,397,3200,4.53,14500,4262652
1995,BC,corn ,1272.8,2875,5.14,14787,2237128
1996,BC,corn ,1462.8,3285,4.13,13562,2091771
1997,BC,corn ,1521.8,2375,5.37,12750,2004110
1998,BC,corn ,1160.5,2760,5.04,13908,2227123
1999,BC,corn ,1394.4,2740,4.56,12505,2039315
2000,BC,corn ,1010.8,2730,3.81,10410,1728345
2001,BC,corn ,1178.5,3100,4.91,15213,2570614
2002,BC,corn ,857.6,2750,4.82,13250,2277970
2003,BC,corn ,1106.1,2800,3.57,10000,1691391
2004,BC,corn ,1210.6,2660,4.12,10950,1884347
2005,BC,corn ,1215.2,2502,4.7,11767,2059624
2006,BC,corn ,1224.2,3315,3.56,11810,2101960
2007,BC,corn ,1322.4,3150,3.73,11750,2125914
2008,BC,corn ,1025.8,3030,3.91,11850,2178934
2009,BC,corn ,1090.6,2120,3.42,7242,1352977
2010,BC,corn ,1207,2285,2.51,5734,1088148
2011,BC,corn ,1068.5,2913,2.84,8280,1562335
2012,BC,corn ,1211.3,3001,2.93,8781,1940475
2013,BC,corn ,944,2983,3.21,9589,2105503
2014,BC,corn ,1276.3,2867,3.44,9870,1795237
2015,BC,corn ,1142.5,2426,3.38,8194,1622717
2016,BC,corn ,1356.8,2634,3.69,9717,2205130
2017,BC,corn ,1239.3,2284,2.92,6673,1417921
2018,BC,corn ,1343.4,2320,3.14,7288,1722043
2019,BC,corn ,965.7,2410,3.58,8627,2199743
2020,BC,corn ,1140.4,2228,2.89,6431,1732721
2021,BC,corn ,1160.3,2498,3.13,7814,2231534
2022,BC,corn ,1046.3,2800,,,
1995,MB,corn ,444.7,1000,5,5000,756451
1996,MB,corn ,685.5,940,4.43,4164,642246
1997,MB,corn ,500.1,,,,
1998,MB,corn ,479.9,830,3.61,3000,480398
1999,MB,corn ,497.7,700,2.21,1550,252774
2000,MB,corn ,673.1,670,3.36,2250,373562
2001,MB,corn ,528.9,800,4.38,3500,591412
2002,MB,corn ,406.6,750,2.66,1998,343501
2003,MB,corn ,391,525,2.99,1570,265548
2004,MB,corn ,683.9,290,2.81,815,140250
2005,MB,corn ,584,300,2.54,763,133551
2006,MB,corn ,266.9,600,2.67,1600,284770
2007,MB,corn ,452.6,600,1.75,1050,189975
2008,MB,corn ,535.9,555,1.79,995,182957
2009,MB,corn ,456.2,500,2.31,1156,215968
2010,MB,corn ,749.8,629,2.25,1416,268716
2011,MB,corn ,541,645,2.61,1682,317373
2012,MB,corn ,411.4,641,2.27,1458,322197
2013,MB,corn ,376.7,573,1.75,1003,220234
2014,MB,corn ,451.6,414,2.96,1226,222995
2015,MB,corn ,475.1,436,1.63,712,141002
2016,MB,corn ,551.8,423,2.19,925,209915
2017,MB,corn ,327.5,410,3.08,1263,268370
2018,MB,corn ,354.6,377,2.99,1129,266765
2019,MB,corn ,457.1,394,2.73,1075,274107
2020,MB,corn ,272.7,343,2.28,783,210966
2021,MB,corn ,384.2,350,2.84,994,283868
2022,MB,corn ,766.4,,,,0
1995,NB,corn ,1117.2,557,2.25,1254,189718
1996,NB,corn ,1035.8,643,2.95,1896,292435
1997,NB,corn ,844.8,600,2.36,1413,222103
1998,NB,corn ,1036.9,575,1.5,860,137714
1999,NB,corn ,1103,480,1.35,650,106002
2000,NB,corn ,1122,450,1.85,833,138301
2001,NB,corn ,690.3,560,2.3,1290,217978
2002,NB,corn ,1165.1,550,2.32,1275,219201
2003,NB,corn ,1051.2,435,2.07,900,152225
2004,NB,corn ,752,440,2.61,1150,197899
2005,NB,corn ,1190.1,450,2.17,975,170658
2006,NB,corn ,1029.8,410,2.44,1000,177981
2007,NB,corn ,907.4,400,1.56,625,113081
2008,NB,corn ,1159.9,350,2.16,755,138827
2009,NB,corn ,1167.8,410,2.35,965,180285
2010,NB,corn ,1154.5,345,1.97,681,129234
2011,NB,corn ,1072.7,329,2.33,767,144724
2012,NB,corn ,979.1,362,1.88,679,150049
2013,NB,corn ,1068.7,304,2.4,731,160509
2014,NB,corn ,1244.7,326,1.79,583,106041
2015,NB,corn ,920.8,291,2.67,776,153677
2016,NB,corn ,876.4,283,1.95,553,125495
2017,NB,corn ,876.3,282,1.73,487,103481
2018,NB,corn ,1149.8,288,1.87,538,127121
2019,NB,corn ,1120.1,286,2.13,608,155030
2020,NB,corn ,798.2,272,2.28,621,167318
2021,NB,corn ,907.6,305,2.37,724,206761
2022,NB,corn ,1188.5,,,,0
1995,NL,corn ,,,,,
1996,NL,corn ,,,,,
1997,NL,corn ,,,,,
1998,NL,corn ,,,,,
1999,NL,corn ,,,,,
2000,NL,corn ,,,,,
2001,NL,corn ,,,,,
2002,NL,corn ,,5,2,10,
2003,NL,corn ,,15,2.33,35,
2004,NL,corn ,,,,,
2005,NL,corn ,,10,0.5,5,
2006,NL,corn ,,35,0.57,20,
2007,NL,corn ,,35,1,35,
2008,NL,corn ,,30,1,30,
2009,NL,corn ,,,,,
2010,NL,corn ,,12,1.83,22,
2011,NL,corn ,,,,3,
2012,NL,corn ,,8,1.88,15,
2013,NL,corn ,,,,15,
2014,NL,corn ,,,,16,
2015,NL,corn ,,,,17,
2016,NL,corn ,,20,1,20,
2017,NL,corn ,,16,1,16,
2018,NL,corn ,,15,1.27,19,
2019,NL,corn ,,13,1.31,17,
2020,NL,corn ,,17,1,17,
2021,NL,corn ,,20,1.2,24,
2022,NL,corn ,,,,,
1995,NS,corn ,1479.1,650,2.1,1365,206511
1996,NS,corn ,1718.6,711,2.85,2027,312640
1997,NS,corn ,1120.8,620,1.66,1030,161901
1998,NS,corn ,1465,580,1.6,930,148923
1999,NS,corn ,1342.2,500,3.5,1750,285390
2000,NS,corn ,1290.5,440,2.82,1240,205874
2001,NS,corn ,965.1,650,1.88,1225,206994
2002,NS,corn ,1614.9,650,2.31,1500,257883
2003,NS,corn ,1356.4,700,1.93,1350,228338
2004,NS,corn ,1285.5,500,2.34,1170,201341
2005,NS,corn ,1365.2,475,2.48,1180,206540
2006,NS,corn ,1245,565,2.65,1500,266972
2007,NS,corn ,1322.1,500,3.6,1800,325672
2008,NS,corn ,1448.6,400,3,1200,220652
2009,NS,corn ,1514.5,330,1.88,620,115831
2010,NS,corn ,1213.9,390,2.87,1119,212354
2011,NS,corn ,1688.9,608,2.7,1643,310014
2012,NS,corn ,1390.3,566,2.73,1547,341865
2013,NS,corn ,1501.5,539,2.71,1462,321018
2014,NS,corn ,1591.9,433,2.66,1153,209717
2015,NS,corn ,1540.8,393,1.9,746,147736
2016,NS,corn ,1219.5,435,2.02,879,199476
2017,NS,corn ,1156,413,2.39,989,210149
2018,NS,corn ,1370.6,430,2.07,892,210766
2019,NS,corn ,1459.6,420,1.68,706,180018
2020,NS,corn ,1147.8,404,2.23,902,243028
2021,NS,corn ,1288,420,2.38,998,285010
2022,NS,corn ,1444.4,,,,0
1995,ON,corn ,928.1,44405,4.76,211442,31989105
1996,ON,corn ,699.8,48100,4.97,239015,36865112
1997,ON,corn ,628.6,46880,5.06,237000,37252867
1998,ON,corn ,682.1,44830,5.16,231438,37060753
1999,ON,corn ,661.8,46100,5.21,240150,39163655
2000,ON,corn ,755.7,43120,3.82,164663,27338571
2001,ON,corn ,690.4,46065,4.66,214500,36245105
2002,ON,corn ,661.9,42000,4.35,182600,31393010
2003,ON,corn ,895.6,43100,5.38,231675,39185291
2004,ON,corn ,755,36100,5.26,190000,32696434
2005,ON,corn ,766.7,33700,4.96,167250,29274426
2006,ON,corn ,865.7,35126,5.73,201440,35852568
2007,ON,corn ,592.7,33400,5.76,192500,34828797
2008,ON,corn ,1049.6,26000,5,130000,23903913
2009,ON,corn ,904,22230,5.95,132265,24710236
2010,ON,corn ,787.2,23309,5.33,124309,23590260
2011,ON,corn ,936.8,25536,5.24,133846,25255106
2012,ON,corn ,731.6,23829,5.23,124528,27518908
2013,ON,corn ,944.9,23204,5.29,122761,26955221
2014,ON,corn ,733.8,22186,5.98,132732,24142389
2015,ON,corn ,675.3,22661,5.72,129676,25680670
2016,ON,corn ,630.6,22270,4.93,109787,24914548
2017,ON,corn ,846,19003,6.03,114565,24343488
2018,ON,corn ,885,19022,5.87,111569,26362049
2019,ON,corn ,950.4,18375,6.02,110595,28199901
2020,ON,corn ,760.8,19281,6.45,124454,33531961
2021,ON,corn ,823.2,19532,6.15,120049,34283776
2022,ON,corn ,672.8,,,,
1995,PE,corn ,937.2,85,2.26,192,29048
1996,PE,corn ,1209.1,82,2.43,199,30693
1997,PE,corn ,847.6,75,2.67,200,31437
1998,PE,corn ,1140,70,3.11,218,34909
1999,PE,corn ,901.3,,,,
2000,PE,corn ,849.5,50,2.5,125,20753
2001,PE,corn ,786.9,,,,
2002,PE,corn ,1297.4,65,3.66,238,40918
2003,PE,corn ,1024.2,70,3.4,238,40255
2004,PE,corn ,986.8,,,,0
2005,PE,corn ,1093.9,75,3.33,250,43758
2006,PE,corn ,1119.3,70,2.69,188,33460
2007,PE,corn ,1101.8,50,4.26,213,38538
2008,PE,corn ,1494,50,4.1,205,37695
2009,PE,corn ,1427.6,35,2.46,86,16067
2010,PE,corn ,1354,50,2.32,116,22013
2011,PE,corn ,1370.1,52,2.98,155,29247
2012,PE,corn ,1032.3,59,2.19,129,28507
2013,PE,corn ,1013.2,56,1.95,109,23934
2014,PE,corn ,1427.7,54,2.37,128,23282
2015,PE,corn ,1387.3,,,97,19210
2016,PE,corn ,1073.4,,,69,15659
2017,PE,corn ,1060.3,55,2.18,120,25498
2018,PE,corn ,1202.3,55,4.33,238,56236
2019,PE,corn ,1198.1,55,4.93,271,69101
2020,PE,corn ,728.3,52,4.02,209,56311
2021,PE,corn ,1261.8,54,3.41,184,52547
2022,PE,corn ,1262.9,,,,0
1995,QC,corn ,1264.6,23230,4.28,99325,15026900
1996,QC,corn ,1313.1,28680,3.74,107400,16565124
1997,QC,corn ,1095.9,27860,4.23,117940,18538410
1998,QC,corn ,1136.5,27740,3.9,108165,17320735
1999,QC,corn ,1147.5,24430,3.89,95000,15492597
2000,QC,corn ,1044.9,24735,3.61,89295,14825417
2001,QC,corn ,807.2,25605,3.03,77580,13109069
2002,QC,corn ,909.8,23920,3.59,85980,14781878
2003,QC,corn ,1252.4,21700,4.22,91650,15501595
2004,QC,corn ,1153.1,21600,4.35,94000,16176131
2005,QC,corn ,1295.9,20750,4.1,85000,14877885
2006,QC,corn ,1280,22050,4.27,94222,16769761
2007,QC,corn ,1294,22200,4.62,102500,18545204
2008,QC,corn ,1461.4,20536,4.42,90844,16704054
2009,QC,corn ,1131,21214,4.52,95927,17921436
2010,QC,corn ,1015.7,20229,4.52,91521,17368044
2011,QC,corn ,1320.2,21346,4.16,88840,16763024
2012,QC,corn ,1115.7,20156,4.29,86376,19087861
2013,QC,corn ,1234.3,19723,4.55,89697,19695200
2014,QC,corn ,1267.1,18940,4.25,80445,14631999
2015,QC,corn ,1253.2,18223,4.96,90472,17916820
2016,QC,corn ,1324.3,17833,4.61,82172,18647729
2017,QC,corn ,1231.8,16920,4.51,76306,16213976
2018,QC,corn ,1227.4,16374,4.42,72449,17118591
2019,QC,corn ,1278.3,16012,4.52,72324,18441427
2020,QC,corn ,1338.7,15702,4.43,69577,18746310
2021,QC,corn ,942.6,15760,4.57,71976,20555016
2022,QC,corn ,1305.4,,,,0
1995,SK,corn ,375.5,415,,,0
1996,SK,corn ,446.4,350,1.03,361,55680
1997,SK,corn ,312.9,300,1,300,47156
1998,SK,corn ,280,190,2.11,400,64053
1999,SK,corn ,401.4,210,0.83,175,28539
2000,SK,corn ,344.6,160,1.5,240,39847
2001,SK,corn ,159.7,200,1.07,213,35992
2002,SK,corn ,299.3,195,1.14,223,38339
2003,SK,corn ,233.8,125,1,125,21142
2004,SK,corn ,402.6,30,0.6,18,3098
2005,SK,corn ,523,100,0.48,48,8402
2006,SK,corn ,488.8,110,0.86,95,16908
2007,SK,corn ,366,90,0.37,33,5971
2008,SK,corn ,327.1,55,0.55,30,5516
2009,SK,corn ,298.5,70,1.34,94,17561
2010,SK,corn ,642.5,51,0,,0
2011,SK,corn ,285.4,111,1.33,148,27926
2012,SK,corn ,510.2,134,0.97,130,28728
2013,SK,corn ,279.6,127,1.53,194,42598
2014,SK,corn ,364.9,130,3.03,394,71664
2015,SK,corn ,292.4,150,2.55,382,75650
2016,SK,corn ,345.1,155,2.01,312,70804
2017,SK,corn ,234.3,,,335,71183
2018,SK,corn ,207.7,135,0,,0
2019,SK,corn ,266.4,130,3.85,500,127492
2020,SK,corn ,297.4,117,3.69,432,116395
2021,SK,corn ,180.7,48,2.81,135,38554
2022,SK,corn ,208.7,,,,0
1995,AB,wheat,350.1,6620000,1.09,7266500,104449854
1996,AB,wheat,482.1,7190000,1.09,7789100,102248211
1997,AB,wheat,491.3,6625000,1.05,6839300,99655913
1998,AB,wheat,489.1,6690000,1.01,6752300,88194855
1999,AB,wheat,423.8,7130000,1.13,8219200,122459885
2000,AB,wheat,396.5,6947000,1.01,7123700,98189118
2001,AB,wheat,352.1,6480000,0.89,5864900,87382590
2002,AB,wheat,235.2,4588000,0.77,3522400,55486631
2003,AB,wheat,473.4,6128000,1.05,6429600,109722513
2004,AB,wheat,525.5,6105000,1.26,7571400,127103183
2005,AB,wheat,287.2,6450000,1.3,8371400,153244554
2006,AB,wheat,442.5,6370000,1.17,7503400,121644785
2007,AB,wheat,272,5685000,1.05,6076100,106082804
2008,AB,wheat,292.7,6845000,1.3,8736200,155785944
2009,AB,wheat,243.5,6685000,1.13,7440700,135461180
2010,AB,wheat,383,6430000,1.3,8201300,152368985
2011,AB,wheat,391.4,6617000,1.34,8839600,167526696
2012,AB,wheat,369.5,6485000,1.3,8368800,161727432
2013,AB,wheat,483.5,7160000,1.58,11329000,226696297
2014,AB,wheat,360,6740000,1.38,9372800,195356489
2015,AB,wheat,289.3,6710000,1.26,8290000,177241928
2016,AB,wheat,489.5,6389000,1.58,10106600,225425179
2017,AB,wheat,376.3,6965000,1.42,9980100,226328233
2018,AB,wheat,368.6,7391600,1.35,10006100,230652168
2019,AB,wheat,463,7208900,1.42,10263200,244955610
2020,AB,wheat,498.7,7276400,1.52,11041000,272531494
2021,AB,wheat,270.6,6774300,0.95,6419000,163683242
2022,AB,wheat,397,7491500,1.52,11343305,298510644
1995,BC,wheat,1272.8,110000,1.3,140700,2022445
1996,BC,wheat,1462.8,60000,1.34,78900,1035727
1997,BC,wheat,1521.8,50000,1.26,62100,904863
1998,BC,wheat,1160.5,67000,1.13,76500,999201
1999,BC,wheat,1394.4,97000,1.01,97500,1452677
2000,BC,wheat,1010.8,85000,1.09,93900,1294265
2001,BC,wheat,1178.5,75000,1.13,83600,1245577
2002,BC,wheat,857.6,32000,1.09,34700,546612
2003,BC,wheat,1106.1,49000,1.09,53100,906163
2004,BC,wheat,1210.6,51000,1.01,52500,881332
2005,BC,wheat,1215.2,45000,1.3,58200,1065393
2006,BC,wheat,1224.2,54000,0.77,40800,661448
2007,BC,wheat,1322.4,40000,1.22,48600,848509
2008,BC,wheat,1025.8,60000,0.77,46700,832765
2009,BC,wheat,1090.6,75000,0.93,71200,1296227
2010,BC,wheat,1207,59000,0.73,43700,811886
2011,BC,wheat,1068.5,76000,1.58,121600,2304544
2012,BC,wheat,1211.3,75000,1.3,96000,1855204
2013,BC,wheat,944,93000,1.62,151800,3037558
2014,BC,wheat,1276.3,93000,1.17,109400,2280215
2015,BC,wheat,1142.5,98000,1.38,134900,2884190
2016,BC,wheat,1356.8,89000,1.58,139600,3113743
2017,BC,wheat,1239.3,42000,1.46,61000,1383355
2018,BC,wheat,1343.4,66600,1.54,102100,2353523
2019,BC,wheat,965.7,71800,1.55,111200,2654052
2020,BC,wheat,1140.4,51800,1.18,61600,1520509
2021,BC,wheat,1160.3,61600,1.05,64846,1653560
2022,BC,wheat,1046.3,82900,1.34,110846,2917026
1995,MB,wheat,444.7,3990000,0.85,3404700,48939712
1996,MB,wheat,685.5,4200000,1.05,4376500,57450706
1997,MB,wheat,500.1,3880000,0.85,3350200,48815996
1998,MB,wheat,479.9,3230000,1.01,3219700,42053963
1999,MB,wheat,497.7,3145000,1.01,3158300,47056290
2000,MB,wheat,673.1,3885000,1.09,4266000,58800171
2001,MB,wheat,528.9,3910000,0.89,3430600,51113354
2002,MB,wheat,406.6,3365000,0.97,3325200,52380237
2003,MB,wheat,391,3310000,1.17,3944800,67318864
2004,MB,wheat,683.9,3015000,1.22,3707300,62235469
2005,MB,wheat,584,2700000,0.89,2367600,43340637
2006,MB,wheat,266.9,3270000,1.17,3794900,61522749
2007,MB,wheat,452.6,2900000,1.09,3211400,56067925
2008,MB,wheat,535.9,3185000,1.34,4280900,76338001
2009,MB,wheat,456.2,3080000,1.34,4144900,75459708
2010,MB,wheat,749.8,2905000,1.13,3250900,60397295
2011,MB,wheat,541,2125000,1.05,2228900,42241759
2012,MB,wheat,411.4,2980000,1.34,3923000,75812149
2013,MB,wheat,376.7,3332000,1.54,5160000,103252969
2014,MB,wheat,451.6,2885000,1.34,3797500,79150976
2015,MB,wheat,475.1,3095000,1.38,4218300,90188133
2016,MB,wheat,551.8,2947200,1.42,4217400,94068050
2017,MB,wheat,327.5,2682000,1.34,4475900,101504247
2018,MB,wheat,354.6,2888900,1.66,4791600,110451917
2019,MB,wheat,457.1,3052800,1.66,5050000,120530227
2020,MB,wheat,272.7,3158900,1.67,5274100,130183711
2021,MB,wheat,384.2,2876600,1.3,3750909,95647445
2022,MB,wheat,766.4,3011400,1.58,4758248,125218151
1995,NB,wheat,1117.2,7000,1.13,7700,110681
1996,NB,wheat,1035.8,8700,1.5,12800,168027
1997,NB,wheat,844.8,9000,1.38,12100,176310
1998,NB,wheat,1036.9,8000,1.54,12000,156737
1999,NB,wheat,1103,10400,1.58,16400,244348
2000,NB,wheat,1122,7900,1.38,11000,151618
2001,NB,wheat,690.3,9300,1.22,11100,165382
2002,NB,wheat,1165.1,12500,1.58,20100,316625
2003,NB,wheat,1051.2,14000,1.09,15300,261098
2004,NB,wheat,752,13000,1.26,16200,271954
2005,NB,wheat,1190.1,5000,1.3,6300,115326
2006,NB,wheat,1029.8,3300,0.89,2800,45393
2007,NB,wheat,907.4,4500,1.22,5400,94279
2008,NB,wheat,1159.9,5500,1.05,5800,103427
2009,NB,wheat,1167.8,3500,0.97,3300,60078
2010,NB,wheat,1154.5,3000,1.34,4000,74315
2011,NB,wheat,1072.7,3500,1.38,4800,90969
2012,NB,wheat,979.1,5000,1.3,6300,121748
2013,NB,wheat,1068.7,5500,1.34,7300,146075
2014,NB,wheat,1244.7,8000,1.13,9100,189671
2015,NB,wheat,920.8,10000,1.42,13900,297185
2016,NB,wheat,876.4,8500,1.38,11400,254274
2017,NB,wheat,876.3,7000,1.5,10300,233583
2018,NB,wheat,1149.8,10500,1.4,14500,334242
2019,NB,wheat,1120.1,12100,1.52,18400,439160
2020,NB,wheat,798.2,13000,1.11,14300,352975
2021,NB,wheat,907.6,7000,1.58,10867,277106
2022,NB,wheat,1188.5,9000,1.51,13428,353372
1995,NL,wheat,,,,,
1996,NL,wheat,,,,,
1997,NL,wheat,,,,,
1998,NL,wheat,,,,,
1999,NL,wheat,,,,,
2000,NL,wheat,,,,,
2001,NL,wheat,,,,,
2002,NL,wheat,,,,,
2003,NL,wheat,,,,,
2004,NL,wheat,,,,,
2005,NL,wheat,,,,,
2006,NL,wheat,,,,,
2007,NL,wheat,,,,,
2008,NL,wheat,,,,,
2009,NL,wheat,,,,,
2010,NL,wheat,,,,,
2011,NL,wheat,,,,,
2012,NL,wheat,,,,,
2013,NL,wheat,,,,,
2014,NL,wheat,,,,,
2015,NL,wheat,,,,,
2016,NL,wheat,,,,,
2017,NL,wheat,,,,,
2018,NL,wheat,,,,,
2019,NL,wheat,,,,,
2020,NL,wheat,,,,,
2021,NL,wheat,,,,,
2022,NL,wheat,,,,,
1995,NS,wheat,1479.1,7700,1.34,10200,146616
1996,NS,wheat,1718.6,6700,1.46,9700,127333
1997,NS,wheat,1120.8,5200,1.09,5700,83055
1998,NS,wheat,1465,6900,1.22,8400,109716
1999,NS,wheat,1342.2,5900,1.09,6400,95355
2000,NS,wheat,1290.5,6400,1.5,9600,132321
2001,NS,wheat,965.1,7100,1.26,9100,135583
2002,NS,wheat,1614.9,9000,1.78,16000,252040
2003,NS,wheat,1356.4,8500,1.34,11200,191130
2004,NS,wheat,1285.5,9000,1.62,14400,241737
2005,NS,wheat,1365.2,7500,1.5,11100,203194
2006,NS,wheat,1245,5900,1.38,8200,132938
2007,NS,wheat,1322.1,3800,1.34,5000,87295
2008,NS,wheat,1448.6,7500,1.58,11700,208637
2009,NS,wheat,1514.5,6500,1.5,9700,176593
2010,NS,wheat,1213.9,7000,1.34,9100,169066
2011,NS,wheat,1688.9,7000,1.86,13000,246374
2012,NS,wheat,1390.3,6500,1.7,10800,208710
2013,NS,wheat,1501.5,6500,1.62,10500,210108
2014,NS,wheat,1591.9,5500,1.7,9200,191755
2015,NS,wheat,1540.8,7500,2.07,15200,324979
2016,NS,wheat,1219.5,7400,1.98,14700,327880
2017,NS,wheat,1156,6500,2.07,13200,299349
2018,NS,wheat,1370.6,5100,1.94,9600,221291
2019,NS,wheat,1459.6,4300,1.64,7300,174232
2020,NS,wheat,1147.8,8000,1.49,11800,291266
2021,NS,wheat,1288,4500,1.8,8007,204177
2022,NS,wheat,1444.4,6100,1.95,12546,330161
1995,ON,wheat,928.1,735000,1.86,91000,1308049
1996,ON,wheat,699.8,780000,1.09,78700,1033102
1997,ON,wheat,628.6,528000,1.62,100200,1460021
1998,ON,wheat,682.1,800000,1.66,94100,1229083
1999,ON,wheat,661.8,800000,1.9,95600,1424368
2000,ON,wheat,755.7,775000,1.94,80200,1105432
2001,ON,wheat,690.4,665000,1.86,95600,1424368
2002,ON,wheat,661.9,750000,1.82,103300,1627234
2003,ON,wheat,895.6,1105000,2.03,123400,2105848
2004,ON,wheat,755,890000,1.9,108000,1813026
2005,ON,wheat,766.7,985000,1.78,104100,1905626
2006,ON,wheat,865.7,1230000,2.15,113400,1838436
2007,ON,wheat,592.7,775000,1.86,87900,1534649
2008,ON,wheat,1049.6,1450000,2.07,67900,1210809
2009,ON,wheat,904,1098000,1.9,79800,1452794
2010,ON,wheat,787.2,987000,2.07,75600,1404545
2011,ON,wheat,936.8,1215000,1.98,64400,1220499
2012,ON,wheat,731.6,929000,2.07,60900,1176895
2013,ON,wheat,944.9,1150000,2.11,75600,1512776
2014,ON,wheat,733.8,855000,2.07,70900,1477763
2015,ON,wheat,675.3,774000,2.07,154200,3296828
2016,ON,wheat,630.6,1199000,2.31,80200,1788841
2017,ON,wheat,846,1010000,2.27,71100,1612402
2018,ON,wheat,885,995500,2.21,65600,1512156
2019,ON,wheat,950.4,751100,2.03,104700,2498914
2020,ON,wheat,760.8,1149200,2.16,103700,2559688
2021,ON,wheat,823.2,1176800,2.39,81053,2066836
2022,ON,wheat,672.8,940700,2.55,111869,2943947
1995,PE,wheat,937.2,22500,1.3,29100,418288
1996,PE,wheat,1209.1,23700,1.38,32200,422692
1997,PE,wheat,847.6,23000,1.26,29000,422561
1998,PE,wheat,1140,22800,1.34,30400,397068
1999,PE,wheat,901.3,25000,0.97,24700,368011
2000,PE,wheat,849.5,25500,1.46,36600,504474
2001,PE,wheat,786.9,27100,1.13,30500,454427
2002,PE,wheat,1297.4,28000,1.5,41400,652154
2003,PE,wheat,1024.2,25000,1.22,30000,511956
2004,PE,wheat,986.8,30000,1.05,32000,537193
2005,PE,wheat,1093.9,29000,1.26,36000,659006
2006,PE,wheat,1119.3,26900,1.13,30200,489601
2007,PE,wheat,1101.8,26000,1.26,33000,576148
2008,PE,wheat,1494,40000,1.05,42900,765003
2009,PE,wheat,1427.6,23700,1.26,29600,538881
2010,PE,wheat,1354,26500,1.09,28800,535065
2011,PE,wheat,1370.1,22500,1.34,30400,576136
2012,PE,wheat,1032.3,21000,1.42,29600,572021
2013,PE,wheat,1013.2,19000,1.34,25100,502258
2014,PE,wheat,1427.7,24000,1.3,31500,656552
2015,PE,wheat,1387.3,30500,1.42,43400,927901
2016,PE,wheat,1073.4,33800,1.42,48200,1075089
2017,PE,wheat,1060.3,37000,1.54,56700,1285840
2018,PE,wheat,1202.3,40000,1.51,60800,1401510
2019,PE,wheat,1198.1,38800,1.57,60800,1451136
2020,PE,wheat,728.3,44200,1.42,62200,1535319
2021,PE,wheat,1261.8,30200,1.64,49826,1270553
2022,PE,wheat,1262.9,39160,1.9,74464,1959596
1995,QC,wheat,1264.6,88800,1.13,99400,1428792
1996,QC,wheat,1313.1,82800,1.13,92500,1214256
1997,QC,wheat,1095.9,64500,1.26,81600,1188999
1998,QC,wheat,1136.5,60800,1.17,70500,920832
1999,QC,wheat,1147.5,58600,1.22,71100,1059336
2000,QC,wheat,1044.9,67000,1.34,88800,1223970
2001,QC,wheat,807.2,89000,1.3,114000,1698514
2002,QC,wheat,909.8,110000,1.34,145500,2291990
2003,QC,wheat,1252.4,136600,1.26,172000,2935217
2004,QC,wheat,1153.1,123100,1.34,163500,2744720
2005,QC,wheat,1295.9,135900,1.17,161800,2961866
2006,QC,wheat,1280,134400,1.17,160400,2600398
2007,QC,wheat,1294,138900,1.26,173700,3032633
2008,QC,wheat,1461.4,131000,1.13,149500,2665919
2009,QC,wheat,1131,135200,1.09,148500,2703507
2010,QC,wheat,1015.7,128500,1.22,157000,2916846
2011,QC,wheat,1320.2,102500,1.13,116000,2198414
2012,QC,wheat,1115.7,122600,1.3,160000,3092007
2013,QC,wheat,1234.3,145000,1.26,183300,3667882
2014,QC,wheat,1267.1,161800,1.26,204500,4262376
2015,QC,wheat,1253.2,200200,1.42,281500,6018529
2016,QC,wheat,1324.3,217000,1.42,310100,6916703
2017,QC,wheat,1231.8,226100,1.3,295000,6689996
2018,QC,wheat,1227.4,227900,1.27,290100,6687140
2019,QC,wheat,1278.3,200400,1.38,276400,6596942
2020,QC,wheat,1338.7,264100,0.94,248500,6133872
2021,QC,wheat,942.6,235100,1.47,344818,8792791
2022,QC,wheat,1305.4,218800,1.59,347135,9135212
1995,SK,wheat,375.5,15905000,0.81,12663500,182027210
1996,SK,wheat,446.4,17950000,0.93,16547000,217213946
1997,SK,wheat,312.9,17025000,0.77,13070300,190448244
1998,SK,wheat,280,15505000,0.81,12600700,164583461
1999,SK,wheat,401.4,14380000,0.97,13839500,206198119
2000,SK,wheat,344.6,15025000,0.89,13411800,184860791
2001,SK,wheat,159.7,14945000,0.65,9850800,146769496
2002,SK,wheat,299.3,12630000,0.61,7484300,117896489
2003,SK,wheat,233.8,14465000,0.69,10174500,173630041
2004,SK,wheat,402.6,12965000,0.89,11561700,194089451
2005,SK,wheat,523,12880000,1.01,12972200,237465538
2006,SK,wheat,488.8,12830000,0.85,11103900,180015930
2007,SK,wheat,366,11718000,0.77,9094800,158786374
2008,SK,wheat,327.1,13025000,0.93,12342300,220090755
2009,SK,wheat,298.5,12765000,1.01,12993500,236552320
2010,SK,wheat,642.5,9955000,0.97,9566300,177728826
2011,SK,wheat,285.4,10965000,1.05,11525800,218435133
2012,SK,wheat,510.2,12800000,1.01,12727300,245955638
2013,SK,wheat,279.6,13905000,1.34,18298300,366153839
2014,SK,wheat,364.9,12835000,1.09,14158100,295096098
2015,SK,wheat,292.4,12695000,1.01,13044500,278894129
2016,SK,wheat,345.1,11290000,1.3,14548600,324502876
2017,SK,wheat,234.3,11223000,0.94,13185400,299017874
2018,SK,wheat,207.7,12790600,1.16,14877100,342934347
2019,SK,wheat,266.4,12519200,1.23,15360800,366621924
2020,SK,wheat,297.4,12788800,1.27,16238400,400821974
2021,SK,wheat,180.7,11550200,0.77,8833900,225262719
2022,SK,wheat,208.7,13113300,1.13,14766371,388592118
1995,AB,potato,350.1,29500,0.3,8782,74346000
1996,AB,potato,482.1,29500,0.28,8308,57875000
1997,AB,potato,491.3,29500,0.3,8845,67932000
1998,AB,potato,489.1,29500,0.32,9499,75696000
1999,AB,potato,423.8,29500,0.42,12267,104829000
2000,AB,potato,396.5,29500,0.5,14787,110571000
2001,AB,potato,352.1,29500,0.61,18050,153435000
2002,AB,potato,235.2,29500,0.53,15624,148638000
2003,AB,potato,473.4,29500,0.68,20130,169375000
2004,AB,potato,525.5,29500,0.68,19950,168715000
2005,AB,potato,287.2,29500,0.6,17716,153213000
2006,AB,potato,442.5,29500,0.62,18297,157609000
2007,AB,potato,272,29500,0.63,18687,157157000
2008,AB,potato,292.7,29500,0.59,17472,191154000
2009,AB,potato,243.5,29500,0.54,16003,170177000
2010,AB,potato,383,29500,0.48,14130,147293000
2011,AB,potato,391.4,29500,0.56,16433,180745000
2012,AB,potato,369.5,29500,0.63,18695,195980000
2013,AB,potato,483.5,29500,0.62,18234,163194000
2014,AB,potato,360,29500,0.63,18690,190638000
2015,AB,potato,289.3,29500,0.65,19270,188846000
2016,AB,potato,489.5,29500,0.66,19519,181527000
2017,AB,potato,376.3,29500,0.7,20572,
2018,AB,potato,368.6,29500,0.74,21762,
2019,AB,potato,463,29500,0.74,21718,
2020,AB,potato,498.7,29500,0.79,23407,196619000
2021,AB,potato,270.6,29500,0.83,24614,246140000
2022,AB,potato,397,29500,0.91,26813,250702000
1995,BC,potato,1272.8,8800,0.31,2684,38431000
1996,BC,potato,1462.8,8700,0.24,2088,24903000
1997,BC,potato,1521.8,7000,0.23,1575,21555000
1998,BC,potato,1160.5,8000,0.24,1920,32447000
1999,BC,potato,1394.4,8200,0.26,2132,37782000
2000,BC,potato,1010.8,8300,0.26,2158,35657000
2001,BC,potato,1178.5,8600,0.28,2408,46812000
2002,BC,potato,857.6,8700,0.29,2523,63455000
2003,BC,potato,1106.1,8800,0.3,2596,49197000
2004,BC,potato,1210.6,8300,0.29,2407,45787000
2005,BC,potato,1215.2,8500,0.28,2338,49979000
2006,BC,potato,1224.2,8500,0.28,2380,46310000
2007,BC,potato,1322.4,8000,0.3,2400,52645000
2008,BC,potato,1025.8,7500,0.31,2325,46340000
2009,BC,potato,1090.6,7000,0.29,2030,42820000
2010,BC,potato,1207,3500,0.3,1050,22282000
2011,BC,potato,1068.5,6900,0.28,1898,43272000
2012,BC,potato,1211.3,7000,0.28,1925,39013000
2013,BC,potato,944,6100,0.28,1708,32452000
2014,BC,potato,1276.3,5800,0.27,1563,29665740
2015,BC,potato,1142.5,6070,0.27,1663,31563740
2016,BC,potato,1356.8,7000,0.32,2205,39249000
2017,BC,potato,1239.3,6400,0.29,1824,33744000
2018,BC,potato,1343.4,6600,0.32,2100,42420000
2019,BC,potato,965.7,6600,0.33,2145,45045000
2020,BC,potato,1140.4,6500,0.33,2155,39652000
2021,BC,potato,1160.3,6400,0.33,2080,
2022,BC,potato,1046.3,5000,0.32,1600,34560000
1995,MB,potato,444.7,60000,0.21,12300,79100000
1996,MB,potato,685.5,68500,0.25,16783,105162000
1997,MB,potato,500.1,71500,0.23,16445,126168000
1998,MB,potato,479.9,72500,0.24,17038,115035000
1999,MB,potato,497.7,73000,0.23,16425,117748000
2000,MB,potato,673.1,74000,0.25,18500,143643000
2001,MB,potato,528.9,74600,0.23,17456,143463000
2002,MB,potato,406.6,84000,0.22,18480,149157000
2003,MB,potato,391,101500,0.25,24868,163384000
2004,MB,potato,683.9,93000,0.25,22785,167980000
2005,MB,potato,584,76000,0.21,15960,136629000
2006,MB,potato,266.9,79600,0.27,21492,187057000
2007,MB,potato,452.6,84500,0.28,23660,205484000
2008,MB,potato,535.9,81000,0.28,22680,236927000
2009,MB,potato,456.2,77500,0.28,21700,251318000
2010,MB,potato,749.8,68000,0.28,19040,176288000
2011,MB,potato,541,70000,0.25,17500,171390000
2012,MB,potato,411.4,75500,0.28,20763,205175000
2013,MB,potato,376.7,69500,0.31,21545,176669000
2014,MB,potato,451.6,62450,0.31,19240,173160000
2015,MB,potato,475.1,67000,0.32,21630,209811000
2016,MB,potato,551.8,64000,0.35,22400,228480000
2017,MB,potato,327.5,62800,0.35,22200,176556600
2018,MB,potato,354.6,58800,0.35,20300,227360000
2019,MB,potato,457.1,57000,0.35,19700,167450000
2020,MB,potato,272.7,71200,0.34,24000,194400000
2021,MB,potato,384.2,78000,0.32,24927,249270000
2022,MB,potato,766.4,79250,0.33,26139,275583477
1995,NB,potato,1117.2,55000,0.22,12100,77985000
1996,NB,potato,1035.8,53000,0.27,14310,67856000
1997,NB,potato,844.8,56000,0.26,14560,86102000
1998,NB,potato,1036.9,56700,0.27,15026,103102000
1999,NB,potato,1103,55000,0.25,13750,94750000
2000,NB,potato,1122,55000,0.26,14025,91868000
2001,NB,potato,690.3,57400,0.25,14350,152967000
2002,NB,potato,1165.1,58000,0.26,15080,118321000
2003,NB,potato,1051.2,58500,0.26,14918,91198000
2004,NB,potato,752,58000,0.29,16530,83207000
2005,NB,potato,1190.1,56500,0.26,14690,127547000
2006,NB,potato,1029.8,59000,0.3,17700,100538000
2007,NB,potato,907.4,58500,0.29,16965,110197000
2008,NB,potato,1159.9,54500,0.26,14170,144940000
2009,NB,potato,1167.8,54500,0.27,14715,129054000
2010,NB,potato,1154.5,51300,0.3,15134,146455000
2011,NB,potato,1072.7,48500,0.25,11883,117384000
2012,NB,potato,979.1,50250,0.29,14438,152540000
2013,NB,potato,1068.7,46800,0.29,13647,103717000
2014,NB,potato,1244.7,47600,0.3,14307,114456000
2015,NB,potato,920.8,47450,0.32,15100,125330000
2016,NB,potato,876.4,47000,0.31,14335,98912000
2017,NB,potato,876.3,51600,0.29,15159,107629000
2018,NB,potato,1149.8,51000,0.31,15670,156700000
2019,NB,potato,1120.1,52800,0.31,16400,172200000
2020,NB,potato,798.2,48450,0.24,11500,113850000
2021,NB,potato,907.6,52000,0.35,18200,172900000
2022,NB,potato,1188.5,51600,0.33,17000,187000000
1995,NL,potato,,800,0.14,112,1754000
1996,NL,potato,,800,0.14,108,1654000
1997,NL,potato,,800,0.13,104,1312000
1998,NL,potato,,700,0.13,94,1445000
1999,NL,potato,,500,0.13,63,1140000
2000,NL,potato,,600,0.15,90,1399000
2001,NL,potato,,600,0.16,96,1395000
2002,NL,potato,,700,0.16,115,1940000
2003,NL,potato,,700,0.21,150,2280000
2004,NL,potato,,600,0.19,114,1726000
2005,NL,potato,,600,0.17,100,1842000
2006,NL,potato,,700,0.23,161,3301000
2007,NL,potato,,700,0.18,123,2498000
2008,NL,potato,,700,0.16,112,2975000
2009,NL,potato,,600,0.14,84,2248000
2010,NL,potato,,500,0.18,88,1996000
2011,NL,potato,,500,0.18,90,1981000
2012,NL,potato,,500,0.18,88,1810000
2013,NL,potato,,,,,
2014,NL,potato,,,,,
2015,NL,potato,,,,,
2016,NL,potato,,,,,
2017,NL,potato,,325,0.19,63,
2018,NL,potato,,300,0.19,56,
2019,NL,potato,,301,0.18,54,
2020,NL,potato,,325,0.17,55,
2021,NL,potato,,300,0.18,55,
2022,NL,potato,,350,0.15,52,
1995,NS,potato,1479.1,4700,0.21,987,7689000
1996,NS,potato,1718.6,4700,0.21,964,7602000
1997,NS,potato,1120.8,4600,0.19,874,6310000
1998,NS,potato,1465,4800,0.21,984,7141000
1999,NS,potato,1342.2,4800,0.21,1008,8986000
2000,NS,potato,1290.5,5200,0.24,1248,11775000
2001,NS,potato,965.1,5200,0.15,780,7085000
2002,NS,potato,1614.9,5500,0.22,1210,11656000
2003,NS,potato,1356.4,5200,0.22,1118,9785000
2004,NS,potato,1285.5,4800,0.24,1128,9767000
2005,NS,potato,1365.2,3300,0.22,710,6247000
2006,NS,potato,1245,2600,0.21,546,5209000
2007,NS,potato,1322.1,2500,0.23,563,5457000
2008,NS,potato,1448.6,2200,0.26,572,6618000
2009,NS,potato,1514.5,2200,0.27,583,6675000
2010,NS,potato,1213.9,2000,0.24,470,5721000
2011,NS,potato,1688.9,2000,0.23,460,5848000
2012,NS,potato,1390.3,1900,0.22,418,4821000
2013,NS,potato,1501.5,1900,0.24,450,
2014,NS,potato,1591.9,1725,0.28,487,
2015,NS,potato,1540.8,1200,0.28,330,
2016,NS,potato,1219.5,1600,0.27,432,
2017,NS,potato,1156,1600,0.27,432,4187000
2018,NS,potato,1370.6,1400,0.26,365,4223000
2019,NS,potato,1459.6,1600,0.26,416,4763000
2020,NS,potato,1147.8,1200,0.25,300,3652000
2021,NS,potato,1288,1150,0.31,357,4539000
2022,NS,potato,1444.4,800,0.3,240,2768000
1995,ON,potato,928.1,38100,0.21,8077,56144000
1996,ON,potato,699.8,37000,0.2,7400,54365000
1997,ON,potato,628.6,38800,0.2,7760,62871000
1998,ON,potato,682.1,43100,0.18,7758,61013000
1999,ON,potato,661.8,41800,0.19,7733,65182000
2000,ON,potato,755.7,39800,0.19,7562,61957000
2001,ON,potato,690.4,42800,0.19,7918,89842000
2002,ON,potato,661.9,41700,0.17,6964,91778000
2003,ON,potato,895.6,43900,0.21,9000,88194000
2004,ON,potato,755,39000,0.2,7878,65838000
2005,ON,potato,766.7,35500,0.17,6177,74003000
2006,ON,potato,865.7,36000,0.21,7524,86221000
2007,ON,potato,592.7,36000,0.14,5148,66573000
2008,ON,potato,1049.6,35200,0.22,7744,117112000
2009,ON,potato,904,36400,0.22,7826,99719000
2010,ON,potato,787.2,38000,0.22,8170,109604000
2011,ON,potato,936.8,36500,0.18,6388,91704000
2012,ON,potato,731.6,39500,0.19,7505,101978000
2013,ON,potato,944.9,37500,0.23,8438,91468000
2014,ON,potato,733.8,35000,0.24,8225,90475000
2015,ON,potato,675.3,34650,0.23,7970,91655000
2016,ON,potato,630.6,34750,0.19,6603,69992000
2017,ON,potato,846,34800,0.23,7830,80649000
2018,ON,potato,885,33750,0.21,6919,69190000
2019,ON,potato,950.4,33527,0.2,6705,65039000
2020,ON,potato,760.8,35800,0.21,7518,61648000
2021,ON,potato,823.2,37302,0.24,8953,73415000
2022,ON,potato,672.8,37100,0.22,8160,93024000
1995,PE,potato,937.2,108000,0.27,28620,168787000
1996,PE,potato,1209.1,109000,0.26,28340,138956000
1997,PE,potato,847.6,112000,0.27,29680,187290000
1998,PE,potato,1140,110000,0.27,29150,218355000
1999,PE,potato,901.3,110000,0.26,28600,195617000
2000,PE,potato,849.5,108000,0.27,29160,139947000
2001,PE,potato,786.9,107000,0.17,18404,192511000
2002,PE,potato,1297.4,107500,0.28,30100,229825000
2003,PE,potato,1024.2,105500,0.27,27958,162248000
2004,PE,potato,986.8,105500,0.28,29013,165411000
2005,PE,potato,1093.9,96000,0.28,26400,234915000
2006,PE,potato,1119.3,95800,0.31,29698,201812000
2007,PE,potato,1101.8,96000,0.29,27360,221978000
2008,PE,potato,1494,89000,0.28,24920,249212000
2009,PE,potato,1427.6,82000,0.3,24600,227673000
2010,PE,potato,1354,86000,0.3,25800,277361000
2011,PE,potato,1370.1,86000,0.29,24510,284983000
2012,PE,potato,1032.3,83700,0.29,24284,257470000
2013,PE,potato,1013.2,82900,0.3,25009,222080000
2014,PE,potato,1427.7,84700,0.3,25240,227160000
2015,PE,potato,1387.3,85300,0.29,24850,198800000
2016,PE,potato,1073.4,86700,0.3,25723,202697000
2017,PE,potato,1060.3,83200,0.29,24463,244630000
2018,PE,potato,1202.3,79200,0.29,22600,192100000
2019,PE,potato,1198.1,84000,0.29,24302,216288000
2020,PE,potato,728.3,83500,0.25,21000,140700000
2021,PE,potato,1261.8,84500,0.32,27209,190463000
2022,PE,potato,1262.9,81900,0.32,26600,250040000
1995,QC,potato,1264.6,45200,0.21,9458,73852000
1996,QC,potato,1313.1,45200,0.23,10251,68846000
1997,QC,potato,1095.9,46200,0.22,10030,73918000
1998,QC,potato,1136.5,45200,0.23,10472,83750000
1999,QC,potato,1147.5,43500,0.23,10141,86075000
2000,QC,potato,1044.9,44700,0.23,10460,86317000
2001,QC,potato,807.2,46000,0.23,10569,120938000
2002,QC,potato,909.8,47900,0.21,10072,104361000
2003,QC,potato,1252.4,48900,0.24,11625,86849000
2004,QC,potato,1153.1,46200,0.27,12266,88349000
2005,QC,potato,1295.9,47400,0.23,10774,120592000
2006,QC,potato,1280,45000,0.26,11662,103468000
2007,QC,potato,1294,44700,0.29,12748,106697000
2008,QC,potato,1461.4,41800,0.26,10952,152737000
2009,QC,potato,1131,41800,0.26,10998,116681000
2010,QC,potato,1015.7,42700,0.27,11486,155622000
2011,QC,potato,1320.2,41300,0.27,11250,148154000
2012,QC,potato,1115.7,41514,0.26,11001,130636000
2013,QC,potato,1234.3,42255,0.27,11477,114770000
2014,QC,potato,1267.1,41019,0.28,11349,124839000
2015,QC,potato,1253.2,41019,0.3,12359,160667000
2016,QC,potato,1324.3,41514,0.29,12233,171262000
2017,QC,potato,1231.8,41761,0.3,12505,150060000
2018,QC,potato,1227.4,40167,0.28,11221,100989000
2019,QC,potato,1278.3,43167,0.29,12648,151776000
2020,QC,potato,1338.7,44588,0.29,12731,
2021,QC,potato,942.6,45776,0.31,14100,
2022,QC,potato,1305.4,48326,0.31,14916,210916000
1995,SK,potato,375.5,6100,0.23,1403,19091000
1996,SK,potato,446.4,6500,0.23,1495,18618000
1997,SK,potato,312.9,8500,0.25,2083,28353000
1998,SK,potato,280,13200,0.27,3498,38242000
1999,SK,potato,401.4,7900,0.25,1975,29431000
2000,SK,potato,344.6,10200,0.27,2703,38460000
2001,SK,potato,159.7,12300,0.25,3014,52195000
2002,SK,potato,299.3,12500,0.29,3563,58899000
2003,SK,potato,233.8,13000,0.32,4095,60255000
2004,SK,potato,402.6,12000,0.28,3360,34725000
2005,SK,potato,523,10900,0.27,2889,36787000
2006,SK,potato,488.8,10300,0.27,2781,34476000
2007,SK,potato,366,9500,0.25,2328,35736000
2008,SK,potato,327.1,9500,0.28,2613,48919000
2009,SK,potato,298.5,8000,0.29,2320,44551000
2010,SK,potato,642.5,7000,0.26,1785,37531000
2011,SK,potato,285.4,7000,0.28,1960,41334000
2012,SK,potato,510.2,6500,0.25,1625,30596000
2013,SK,potato,279.6,6500,0.28,1788,28608000
2014,SK,potato,364.9,6550,0.25,1605,27285000
2015,SK,potato,292.4,6700,0.25,1675,30150000
2016,SK,potato,345.1,6800,0.25,1700,34000000
2017,SK,potato,234.3,6500,0.25,1625,35750000
2018,SK,potato,207.7,5900,0.25,1454,27626000
2019,SK,potato,266.4,6000,0.25,1500,24000000
2020,SK,potato,297.4,6000,0.23,1400,
2021,SK,potato,180.7,6200,0.25,1519,28861000
2022,SK,potato,208.7,5800,0.25,1450,31900000
1995,AB,barley,350.1,4700000,1.35,6335800,128977524
1996,AB,barley,482.1,5300000,1.34,7076000,131548615
1997,AB,barley,491.3,5050000,1.24,6270500,129396821
1998,AB,barley,489.1,4600000,1.23,5660800,104712698
1999,AB,barley,423.8,4200000,1.43,5987400,126337591
2000,AB,barley,396.5,4300000,1.23,5268900,102850809
2001,AB,barley,352.1,4000000,1.19,4746400,100151775
2002,AB,barley,235.2,2785000,0.91,2547400,56829894
2003,AB,barley,473.4,4420000,1.23,5421300,131022309
2004,AB,barley,525.5,3950000,1.42,5628200,133807290
2005,AB,barley,287.2,3600000,1.45,5231900,135636448
2006,AB,barley,442.5,3400000,1.3,4404600,101128109
2007,AB,barley,272,4270000,1.2,5114300,126455085
2008,AB,barley,292.7,3750000,1.45,5447500,137572921
2009,AB,barley,243.5,3030000,1.27,3840700,99024228
2010,AB,barley,383,3125000,1.45,4528700,119156420
2011,AB,barley,391.4,3200000,1.46,4668000,125288808
2012,AB,barley,369.5,3420000,1.31,4463300,122153692
2013,AB,barley,483.5,3370000,1.65,5545400,154700062
2014,AB,barley,360,2860000,1.44,4131300,117434449
2015,AB,barley,289.3,2885000,1.49,4289200,124189843
2016,AB,barley,489.5,2660000,1.65,4398000,129664552
2017,AB,barley,376.3,2500000,1.56,3906000,117223569
2018,AB,barley,368.6,2746900,1.45,3996300,122045769
2019,AB,barley,463,3144800,1.58,4955200,157058192
2020,AB,barley,498.7,3277200,1.61,5283000,173554849
2021,AB,barley,270.6,3458100,1.03,3570679,121429904
2022,AB,barley,397,3257900,1.65,5380670,189202923
1995,BC,barley,1272.8,65000,1.44,93600,1905410
1996,BC,barley,1462.8,60000,1.33,79500,1477970
1997,BC,barley,1521.8,70000,1.21,84900,1751980
1998,BC,barley,1160.5,94000,1.1,103400,1912679
1999,BC,barley,1394.4,78000,1.14,89300,1884281
2000,BC,barley,1010.8,73000,1.22,88800,1733408
2001,BC,barley,1178.5,80000,1.26,100700,2124828
2002,BC,barley,857.6,120000,1.05,126300,2817624
2003,BC,barley,1106.1,100000,1.39,139300,3366611
2004,BC,barley,1210.6,65000,1.39,90400,2149209
2005,BC,barley,1215.2,60000,1.2,72100,1869185
2006,BC,barley,1224.2,35000,0.9,31400,720933
2007,BC,barley,1322.4,65000,1.16,75100,1856906
2008,BC,barley,1025.8,60000,0.85,50900,1285445
2009,BC,barley,1090.6,40000,1.14,45700,1178277
2010,BC,barley,1207,39000,0.77,30200,794604
2011,BC,barley,1068.5,55000,1.17,64200,1723124
2012,BC,barley,1211.3,43000,1.3,55800,1527161
2013,BC,barley,944,60000,1.43,85800,2393563
2014,BC,barley,1276.3,41000,1.04,42700,1213771
2015,BC,barley,1142.5,50000,1.35,67500,1954400
2016,BC,barley,1356.8,41000,1.43,58800,1733578
2017,BC,barley,1239.3,29000,1.3,37600,1128419
2018,BC,barley,1343.4,42800,1.41,60400,1844597
2019,BC,barley,965.7,46200,1.36,63000,1996825
2020,BC,barley,1140.4,59300,1.04,61800,2030227
2021,BC,barley,1160.3,71000,0.89,63289,2152301
2022,BC,barley,1046.3,59400,1.3,76964,2706320
1995,MB,barley,444.7,1150000,1.15,1328100,27036057
1996,MB,barley,685.5,1550000,1.36,2111900,39261945
1997,MB,barley,500.1,1350000,1.25,1685200,34775460
1998,MB,barley,479.9,1240000,1.32,1630800,30166313
1999,MB,barley,497.7,1000000,1.21,1214900,25635090
2000,MB,barley,673.1,1190000,1.36,1622000,31662019
2001,MB,barley,528.9,1100000,1.12,1234500,26048661
2002,MB,barley,406.6,1000000,1.18,1175700,26228667
2003,MB,barley,391,960000,1.37,1317200,31834170
2004,MB,barley,683.9,865000,1.48,1278000,30383731
2005,MB,barley,584,620000,0.97,603100,15635303
2006,MB,barley,266.9,750000,1.38,1035300,23770134
2007,MB,barley,452.6,940000,1.27,1195300,29554731
2008,MB,barley,535.9,750000,1.5,1121300,28317672
2009,MB,barley,456.2,615000,1.56,958000,24699979
2010,MB,barley,749.8,405000,1.2,487700,12832068
2011,MB,barley,541,270000,0.97,261300,7013275
2012,MB,barley,411.4,520000,1.19,618300,16921925
2013,MB,barley,376.7,460000,1.64,756600,21106875
2014,MB,barley,451.6,280000,1.27,354900,10088225
2015,MB,barley,475.1,400000,1.5,598700,17334808
2016,MB,barley,551.8,375000,1.57,587900,17332831
2017,MB,barley,327.5,250000,1.75,437600,13132881
2018,MB,barley,354.6,305500,1.64,500900,15297331
2019,MB,barley,457.1,315900,1.67,528900,16763819
2020,MB,barley,272.7,394500,1.74,686400,22549318
2021,MB,barley,384.2,362000,1.19,431591,14677336
2022,MB,barley,766.4,406600,1.62,657317,23113534
1995,NB,barley,1117.2,39000,1.08,42100,857027
1996,NB,barley,1035.8,40900,1.37,56100,1042945
1997,NB,barley,844.8,39000,1.35,52600,1085443
1998,NB,barley,1036.9,36000,1.13,40800,754713
1999,NB,barley,1103,33500,1.36,45600,962186
2000,NB,barley,1122,40000,1.42,56600,1104852
2001,NB,barley,690.3,42000,1.31,54900,1158422
2002,NB,barley,1165.1,40500,1.5,60900,1358617
2003,NB,barley,1051.2,42000,1.33,55800,1348578
2004,NB,barley,752,39000,1.26,49200,1169702
2005,NB,barley,1190.1,36500,1.31,47700,1236617
2006,NB,barley,1029.8,30000,0.91,27400,629095
2007,NB,barley,907.4,32500,1.39,45300,1120078
2008,NB,barley,1159.9,28000,1.15,32300,815715
2009,NB,barley,1167.8,24000,1.24,29800,768329
2010,NB,barley,1154.5,26000,1.26,32800,863014
2011,NB,barley,1072.7,22000,0.85,18700,501907
2012,NB,barley,979.1,21500,1.24,26700,730738
2013,NB,barley,1068.7,21000,1.17,24600,686266
2014,NB,barley,1244.7,17000,1.18,20100,571353
2015,NB,barley,920.8,18000,1.45,26100,755702
2016,NB,barley,876.4,16000,1.41,22600,666307
2017,NB,barley,876.3,13500,1.51,20400,612228
2018,NB,barley,1149.8,11100,1.15,12800,390908
2019,NB,barley,1120.1,13400,1.48,19800,627573
2020,NB,barley,798.2,18600,0.95,17600,578188
2021,NB,barley,907.6,19200,1.35,25936,882019
2022,NB,barley,1188.5,13900,1.43,19884,699190
1995,NL,barley,,,,,
1996,NL,barley,,,,,
1997,NL,barley,,,,,
1998,NL,barley,,,,,
1999,NL,barley,,,,,
2000,NL,barley,,,,,
2001,NL,barley,,,,,
2002,NL,barley,,,,,
2003,NL,barley,,,,,
2004,NL,barley,,,,,
2005,NL,barley,,,,,
2006,NL,barley,,,,,
2007,NL,barley,,,,,
2008,NL,barley,,,,,
2009,NL,barley,,,,,
2010,NL,barley,,,,,
2011,NL,barley,,,,,
2012,NL,barley,,,,,
2013,NL,barley,,,,,
2014,NL,barley,,,,,
2015,NL,barley,,,,,
2016,NL,barley,,,,,
2017,NL,barley,,,,,
2018,NL,barley,,,,,
2019,NL,barley,,,,,
2020,NL,barley,,,,,
2021,NL,barley,,,,,
2022,NL,barley,,,,,
1995,NS,barley,1479.1,10300,1.62,16700,339961
1996,NS,barley,1718.6,12400,1.39,17200,319762
1997,NS,barley,1120.8,14800,1.13,16700,344618
1998,NS,barley,1465,16800,1.2,20100,371807
1999,NS,barley,1342.2,12400,1.05,13000,274307
2000,NS,barley,1290.5,10600,1.22,12900,251813
2001,NS,barley,965.1,11000,1.06,11700,246877
2002,NS,barley,1614.9,10000,1.55,15500,345789
2003,NS,barley,1356.4,10000,1.15,11500,277933
2004,NS,barley,1285.5,7500,1.13,8500,202083
2005,NS,barley,1365.2,8000,1.05,8400,217769
2006,NS,barley,1245,6000,0.9,5400,123982
2007,NS,barley,1322.1,6500,1.06,6900,170608
2008,NS,barley,1448.6,8500,1.2,10200,257594
2009,NS,barley,1514.5,5000,1.22,6100,157275
2010,NS,barley,1213.9,5500,1.29,7100,186811
2011,NS,barley,1688.9,4000,1.2,4800,128832
2012,NS,barley,1390.3,5000,1.38,6900,188842
2013,NS,barley,1501.5,4700,1.06,5000,139485
2014,NS,barley,1591.9,3000,1.3,3900,110860
2015,NS,barley,1540.8,3000,1.37,4100,118712
2016,NS,barley,1219.5,3300,1.42,4700,138568
2017,NS,barley,1156,3500,1.49,5200,156058
2018,NS,barley,1370.6,2000,1.2,2400,73295
2019,NS,barley,1459.6,3000,1.13,3400,107765
2020,NS,barley,1147.8,2200,1.14,2500,82129
2021,NS,barley,1288,2900,1.37,3975,135180
2022,NS,barley,1444.4,1700,1.26,2148,79067
1995,ON,barley,928.1,320000,1.31,418000,8509202
1996,ON,barley,699.8,320000,1.22,391900,7285741
1997,ON,barley,628.6,335000,1.32,442000,9121026
1998,ON,barley,682.1,310000,1.23,381000,7047685
1999,ON,barley,661.8,285000,1.38,394100,8315737
2000,ON,barley,755.7,275000,1.25,344000,6715003
2001,ON,barley,690.4,295000,1.44,424600,8959305
2002,ON,barley,661.9,320000,1.24,396300,8841049
2003,ON,barley,895.6,255000,1.38,352700,8524075
2004,ON,barley,755,245000,1.39,339600,8073799
2005,ON,barley,766.7,250000,1.17,291800,7564884
2006,ON,barley,865.7,210000,1.38,290700,6674373
2007,ON,barley,592.7,165000,1.32,217700,5382803
2008,ON,barley,1049.6,145000,1.32,191600,4838728
2009,ON,barley,904,172000,1.37,236200,6089911
2010,ON,barley,787.2,187000,1.43,267800,7046192
2011,ON,barley,936.8,120000,1.34,161100,4323913
2012,ON,barley,731.6,118000,1.4,165500,4529482
2013,ON,barley,944.9,110000,1.22,134600,3754937
2014,ON,barley,733.8,102000,1.48,151300,4300785
2015,ON,barley,675.3,110000,1.44,158900,4600803
2016,ON,barley,630.6,95000,1.37,130600,3850430
2017,ON,barley,846,75000,1.33,99900,2998114
2018,ON,barley,885,82500,1.28,105200,3212776
2019,ON,barley,950.4,97900,1.37,134200,4253554
2020,ON,barley,760.8,84100,1.34,113100,4079085
2021,ON,barley,823.2,46800,1.44,67485,2515475
2022,ON,barley,672.8,63600,1.64,104588,3993554
1995,PE,barley,937.2,80000,1.17,93700,1907446
1996,PE,barley,1209.1,90600,1.31,118400,2201153
1997,PE,barley,847.6,101000,1.35,136300,2812660
1998,PE,barley,1140,96000,1.42,135900,2513859
1999,PE,barley,901.3,85000,1.11,94400,1991894
2000,PE,barley,849.5,91000,1.42,128800,2514222
2001,PE,barley,786.9,95000,1.02,97200,2050976
2002,PE,barley,1297.4,87000,1.44,125000,2788622
2003,PE,barley,1024.2,90000,1.13,101900,2462725
2004,PE,barley,986.8,90000,1.26,113700,2703154
2005,PE,barley,1093.9,84500,1.35,114100,2958030
2006,PE,barley,1119.3,78500,1.02,80300,1843661
2007,PE,barley,1101.8,81000,1.15,93500,2311861
2008,PE,barley,1494,75000,1.07,80000,2020346
2009,PE,barley,1427.6,50000,1.11,55500,1430949
2010,PE,barley,1354,53500,1.22,65200,1715503
2011,PE,barley,1370.1,62500,1.26,78900,2117671
2012,PE,barley,1032.3,67000,1.35,90400,2474110
2013,PE,barley,1013.2,70000,1.38,96900,2703220
2014,PE,barley,1427.7,60000,1.27,76200,2166026
2015,PE,barley,1387.3,58000,1.4,81000,2345281
2016,PE,barley,1073.4,61000,1.43,87100,2567936
2017,PE,barley,1060.3,54000,1.45,78400,2352875
2018,PE,barley,1202.3,74000,1.43,105500,3221937
2019,PE,barley,1198.1,48900,1.48,72300,2291594
2020,PE,barley,728.3,47600,1.37,65200,2141922
2021,PE,barley,1261.8,61000,1.46,89074,3029185
2022,PE,barley,1262.9,58494,1.52,88840,3123921
1995,QC,barley,1264.6,317500,1.1,350000,7124930
1996,QC,barley,1313.1,303900,1.17,355000,6599740
1997,QC,barley,1095.9,308900,1.34,415000,8563859
1998,QC,barley,1136.5,313800,1.35,425000,7861591
1999,QC,barley,1147.5,311400,1.33,415000,8756739
2000,QC,barley,1044.9,311400,1.3,405000,7905745
2001,QC,barley,807.2,380500,1.37,520000,10972300
2002,QC,barley,909.8,395400,1.25,495000,11042945
2003,QC,barley,1252.4,338500,1.21,410000,9908905
2004,QC,barley,1153.1,279200,1.32,368000,8748993
2005,QC,barley,1295.9,270600,1.26,340000,8814464
2006,QC,barley,1280,254500,1.18,301500,6922337
2007,QC,barley,1294,233500,1.32,308000,7615542
2008,QC,barley,1461.4,240900,1.07,258000,6515615
2009,QC,barley,1131,233500,1.18,276000,7116069
2010,QC,barley,1015.7,219900,1.23,270000,7104077
2011,QC,barley,1320.2,175400,1.12,196000,5260627
2012,QC,barley,1115.7,177400,1.32,234000,6404222
2013,QC,barley,1234.3,175000,1.26,221000,6165239
2014,QC,barley,1267.1,132200,1.24,163500,4647576
2015,QC,barley,1253.2,123900,1.36,168000,4864286
2016,QC,barley,1324.3,127200,1.38,175000,5159458
2017,QC,barley,1231.8,127300,1.34,171000,5131907
2018,QC,barley,1227.4,133300,1.18,157000,4794732
2019,QC,barley,1278.3,119400,1.31,156600,4963536
2020,QC,barley,1338.7,123300,1.02,125900,4136013
2021,QC,barley,942.6,109300,1.45,158950,5405494
2022,QC,barley,1305.4,77500,1.36,105335,3926319
1995,SK,barley,375.5,4100000,1.06,4354500,88644311
1996,SK,barley,446.4,4400000,1.22,5356000,99572411
1997,SK,barley,312.9,4350000,1.02,4430700,91431065
1998,SK,barley,280,3850000,1.12,4310900,79742434
1999,SK,barley,401.4,4050000,1.22,4942300,104285378
2000,SK,barley,344.6,4750000,1.12,5301600,103489124
2001,SK,barley,159.7,4250000,0.86,3655600,77135267
2002,SK,barley,299.3,3500000,0.72,2525600,56343558
2003,SK,barley,233.8,4650000,0.94,4354500,105239822
2004,SK,barley,402.6,3950000,1.19,4681100,111290520
2005,SK,barley,523,4050000,1.23,4968500,128807831
2006,SK,barley,488.8,3200000,1.06,3396500,77982478
2007,SK,barley,366,4000000,0.96,3853700,95285759
2008,SK,barley,327.1,3600000,1.28,4594000,116018357
2009,SK,barley,298.5,3050000,1.34,4080200,105199222
2010,SK,barley,642.5,1855000,1.04,1937700,50983592
2011,SK,barley,285.4,2025000,1.2,2438500,65449177
2012,SK,barley,510.2,2460000,0.96,2351400,64354220
2013,SK,barley,279.6,2370000,1.44,3411700,95176218
2014,SK,barley,364.9,1860000,1.17,2172900,61765864
2015,SK,barley,292.4,2165000,1.32,2863100,82898428
2016,SK,barley,345.1,2220000,1.52,3374700,99494990
2017,SK,barley,234.3,2170000,1.44,3135200,94090972
2018,SK,barley,207.7,2520500,1.36,3439200,105032107
2019,SK,barley,266.4,2950500,1.51,4449200,141020202
2020,SK,barley,297.4,2933800,1.49,4385100,144057424
2021,SK,barley,180.7,3299500,0.77,2547375,86629883
2022,SK,barley,208.7,2574200,1.38,3550934,124863092
1995,AB,oat,350.1,750000,1.01,771100,16509449
1996,AB,oat,482.1,1050000,1.01,1079500,23989950
1997,AB,oat,491.3,1000000,0.97,979300,22559305
1998,AB,oat,489.1,800000,0.97,771100,18390043
1999,AB,oat,423.8,800000,1.09,863600,21298147
2000,AB,oat,396.5,600000,1.09,657000,16737075
2001,AB,oat,352.1,600000,0.97,592200,15567723
2002,AB,oat,235.2,450000,0.81,370100,10030042
2003,AB,oat,473.4,820000,1.01,826600,23073585
2004,AB,oat,525.5,700000,1.17,828200,23791532
2005,AB,oat,287.2,675000,1.22,829700,24509125
2006,AB,oat,442.5,705000,1.01,706300,21438107
2007,AB,oat,272,620000,1.01,627400,19553323
2008,AB,oat,292.7,500000,1.09,541300,17310011
2009,AB,oat,243.5,300000,1.01,308400,10112910
2010,AB,oat,383,530000,1.22,647700,21765626
2011,AB,oat,391.4,585000,1.26,738700,25424160
2012,AB,oat,369.5,432000,1.22,518200,18256385
2013,AB,oat,483.5,410000,1.46,601500,21680065
2014,AB,oat,360,455000,1.17,542900,20009276
2015,AB,oat,289.3,360000,1.09,393300,14815308
2016,AB,oat,489.5,430000,1.46,624600,24035969
2017,AB,oat,376.3,425000,1.42,609200,23938592
2018,AB,oat,368.6,512000,1.37,700100,28079665
2019,AB,oat,463,578300,1.44,834800,34160872
2020,AB,oat,498.7,605500,1.33,802000,33470647
2021,AB,oat,270.6,525700,0.91,475538,20232679
2022,AB,oat,397,752600,1.4,1054681,45730833
1995,BC,oat,1272.8,50000,1.13,56300,1205397
1996,BC,oat,1462.8,35000,0.89,31600,702253
1997,BC,oat,1521.8,30000,1.13,33500,771711
1998,BC,oat,1160.5,65000,1.01,66300,1581196
1999,BC,oat,1394.4,65000,1.01,64800,1598101
2000,BC,oat,1010.8,55000,0.93,50600,1289035
2001,BC,oat,1178.5,40000,1.05,41500,1090950
2002,BC,oat,857.6,65000,0.85,55500,1504100
2003,BC,oat,1106.1,65000,1.26,81000,2261022
2004,BC,oat,1210.6,40000,1.17,46300,1330051
2005,BC,oat,1215.2,45000,1.26,56600,1671949
2006,BC,oat,1224.2,35000,0.77,27600,837734
2007,BC,oat,1322.4,55000,1.09,60100,1873055
2008,BC,oat,1025.8,40000,0.85,33900,1084074
2009,BC,oat,1090.6,30000,1.13,33900,1111633
2010,BC,oat,1207,45000,0.81,35500,1192959
2011,BC,oat,1068.5,70000,1.26,86400,2973666
2012,BC,oat,1211.3,65000,1.01,66300,2335775
2013,BC,oat,944,70000,1.22,85900,3096122
2014,BC,oat,1276.3,50000,1.05,51800,1909155
2015,BC,oat,1142.5,50000,1.17,58000,2184815
2016,BC,oat,1356.8,37000,1.54,56300,2166547
2017,BC,oat,1239.3,36400,1.38,50100,1968686
2018,BC,oat,1343.4,55600,1.31,72900,2923879
2019,BC,oat,965.7,40600,1.41,57100,2336591
2020,BC,oat,1140.4,49200,1.17,57600,2403877
2021,BC,oat,1160.3,73400,1.18,86536,3681841
2022,BC,oat,1046.3,71700,0.93,66709,2892494
1995,MB,oat,444.7,650000,0.97,624600,13372846
1996,MB,oat,685.5,960000,1.09,1056400,23476594
1997,MB,oat,500.1,700000,1.05,735600,16945395
1998,MB,oat,479.9,900000,1.13,1030200,24569345
1999,MB,oat,497.7,730000,1.17,854400,21071257
2000,MB,oat,673.1,860000,1.17,1016300,25890243
2001,MB,oat,528.9,800000,0.93,748000,19663386
2002,MB,oat,406.6,1000000,1.01,1017900,27586004
2003,MB,oat,391,850000,1.22,1033300,28843377
2004,MB,oat,683.9,670000,1.34,889900,25563975
2005,MB,oat,584,570000,0.77,440700,13018165
2006,MB,oat,266.9,840000,1.13,967400,29363195
2007,MB,oat,452.6,985000,1.22,1204500,37539015
2008,MB,oat,535.9,800000,1.38,1116600,35707293
2009,MB,oat,456.2,565000,1.38,771100,25285555
2010,MB,oat,749.8,520000,1.17,616900,20730608
2011,MB,oat,541,425000,1.01,431800,14861449
2012,MB,oat,411.4,498000,1.22,601500,21191076
2013,MB,oat,376.7,430000,1.42,613800,22123398
2014,MB,oat,451.6,375000,1.42,524400,19327434
2015,MB,oat,475.1,410000,1.46,595300,22424493
2016,MB,oat,551.8,380000,1.5,569100,21900208
2017,MB,oat,327.5,480000,1.7,820500,32241653
2018,MB,oat,354.6,445600,1.59,709000,28436627
2019,MB,oat,457.1,485000,1.64,793800,32483110
2020,MB,oat,272.7,649900,1.72,1117000,46616849
2021,MB,oat,384.2,669000,1.15,766600,32616471
2022,MB,oat,766.4,649600,1.8,1168612,50670866
1995,NB,oat,1117.2,25000,0.85,20800,445333
1996,NB,oat,1035.8,22000,1.17,25400,564469
1997,NB,oat,844.8,20000,1.01,20400,469938
1998,NB,oat,1036.9,20000,1.13,22500,536605
1999,NB,oat,1103,19000,0.97,18800,463647
2000,NB,oat,1122,20000,1.17,23100,588473
2001,NB,oat,690.3,20500,0.97,19600,515244
2002,NB,oat,1165.1,21500,1.13,24200,655842
2003,NB,oat,1051.2,21000,1.01,21100,588982
2004,NB,oat,752,20000,1.01,20400,586027
2005,NB,oat,1190.1,22500,1.09,25000,738494
2006,NB,oat,1029.8,24200,0.97,23500,713288
2007,NB,oat,907.4,21000,1.13,24000,747975
2008,NB,oat,1159.9,24500,0.93,22700,725914
2009,NB,oat,1167.8,19000,0.93,17900,586969
2010,NB,oat,1154.5,23000,1.09,25200,846833
2011,NB,oat,1072.7,21500,0.73,15900,547237
2012,NB,oat,979.1,20500,1.05,21200,746884
2013,NB,oat,1068.7,19000,1.05,19900,717262
2014,NB,oat,1244.7,26000,1.05,27000,995120
2015,NB,oat,920.8,26500,1.22,32200,1212949
2016,NB,oat,876.4,25000,1.13,28600,1100590
2017,NB,oat,876.3,24500,1.22,29300,1151347
2018,NB,oat,1149.8,20600,0.95,19700,790129
2019,NB,oat,1120.1,17300,1.16,20000,818421
2020,NB,oat,798.2,12900,1.07,13700,571755
2021,NB,oat,907.6,27000,1.39,37380,1590404
2022,NB,oat,1188.5,28400,1.38,39319,1704867
1995,NL,oat,,,,,
1996,NL,oat,,,,,
1997,NL,oat,,,,,
1998,NL,oat,,,,,
1999,NL,oat,,,,,
2000,NL,oat,,,,,
2001,NL,oat,,,,,
2002,NL,oat,,,,,
2003,NL,oat,,,,,
2004,NL,oat,,,,,
2005,NL,oat,,,,,
2006,NL,oat,,,,,
2007,NL,oat,,,,,
2008,NL,oat,,,,,
2009,NL,oat,,,,,
2010,NL,oat,,,,,
2011,NL,oat,,,,,
2012,NL,oat,,,,,
2013,NL,oat,,,,,
2014,NL,oat,,,,,
2015,NL,oat,,,,,
2016,NL,oat,,,,,
2017,NL,oat,,,,,
2018,NL,oat,,,,,
2019,NL,oat,,,,,
2020,NL,oat,,,,,
2021,NL,oat,,,,,
2022,NL,oat,,,,,
1995,NS,oat,1479.1,7600,1.01,7700,164859
1996,NS,oat,1718.6,6900,1.03,7100,157785
1997,NS,oat,1120.8,9400,0.81,7500,172771
1998,NS,oat,1465,9600,0.85,8300,197948
1999,NS,oat,1342.2,6200,0.89,5500,135641
2000,NS,oat,1290.5,4900,1.01,5000,127375
2001,NS,oat,965.1,6500,0.89,5800,152470
2002,NS,oat,1614.9,6500,1.13,7400,200547
2003,NS,oat,1356.4,6000,0.97,5800,161900
2004,NS,oat,1285.5,5500,1.01,5600,160870
2005,NS,oat,1365.2,4500,1.13,5100,150653
2006,NS,oat,1245,5300,0.85,4400,133552
2007,NS,oat,1322.1,5000,0.93,4500,140245
2008,NS,oat,1448.6,5500,0.93,5100,163091
2009,NS,oat,1514.5,4500,1.05,4600,150841
2010,NS,oat,1213.9,4500,0.93,4200,141139
2011,NS,oat,1688.9,4000,1.05,4100,141111
2012,NS,oat,1390.3,4500,0.97,4300,151491
2013,NS,oat,1501.5,3000,0.93,2700,97317
2014,NS,oat,1591.9,2700,1.01,2700,99512
2015,NS,oat,1540.8,2000,1.05,2100,79105
2016,NS,oat,1219.5,2900,1.13,3300,126991
2017,NS,oat,1156,4000,0.93,3700,145392
2018,NS,oat,1370.6,2300,1.12,2600,104281
2019,NS,oat,1459.6,1900,0.93,1800,73658
2020,NS,oat,1147.8,3400,0.92,3100,129375
2021,NS,oat,1288,3900,1.2,4729,201204
2022,NS,oat,1444.4,1700,0.99,1680,72845
1995,ON,oat,928.1,100000,0.89,91000,1948333
1996,ON,oat,699.8,95000,0.81,78700,1748966
1997,ON,oat,628.6,105000,0.97,100200,2308223
1998,ON,oat,682.1,100000,0.93,94100,2244201
1999,ON,oat,661.8,95000,1.01,95600,2357692
2000,ON,oat,755.7,85000,0.93,80200,2043095
2001,ON,oat,690.4,90000,1.05,95600,2513128
2002,ON,oat,661.9,100000,1.05,103300,2799523
2003,ON,oat,895.6,110000,1.13,123400,3444569
2004,ON,oat,755,100000,1.09,108000,3102494
2005,ON,oat,766.7,115000,0.89,104100,3075087
2006,ON,oat,865.7,110000,1.01,113400,3441995
2007,ON,oat,592.7,90000,0.97,87900,2739460
2008,ON,oat,1049.6,65000,1.05,67900,2171346
2009,ON,oat,904,75000,1.05,79800,2616765
2010,ON,oat,787.2,70000,1.09,75600,2540499
2011,ON,oat,936.8,60000,1.09,64400,2216483
2012,ON,oat,731.6,55000,1.09,60900,2145530
2013,ON,oat,944.9,68000,1.09,75600,2724876
2014,ON,oat,733.8,63000,1.13,70900,2613110
2015,ON,oat,675.3,115000,1.34,154200,5808595
2016,ON,oat,630.6,65000,1.22,80200,3086271
2017,ON,oat,846,55000,1.3,71100,2793884
2018,ON,oat,885,57300,1.15,65600,2631090
2019,ON,oat,950.4,82000,1.28,104700,4284431
2020,ON,oat,760.8,92700,1.12,103700,4327813
2021,ON,oat,823.2,58900,1.38,81053,3448556
2022,ON,oat,672.8,77900,1.44,111869,4850625
1995,PE,oat,937.2,18000,0.89,15900,340423
1996,PE,oat,1209.1,13700,1.17,15900,353349
1997,PE,oat,847.6,13000,1.09,14400,331721
1998,PE,oat,1140,10500,0.97,9900,236106
1999,PE,oat,901.3,12500,1.13,14100,347735
2000,PE,oat,849.5,12000,1.13,13900,354103
2001,PE,oat,786.9,13000,0.69,9200,241849
2002,PE,oat,1297.4,10000,1.38,13600,368572
2003,PE,oat,1024.2,10000,1.09,10800,301470
2004,PE,oat,986.8,10000,1.09,10800,310249
2005,PE,oat,1093.9,9000,1.09,9700,286536
2006,PE,oat,1119.3,12500,0.97,12300,373338
2007,PE,oat,1101.8,11500,1.05,12100,377104
2008,PE,oat,1494,12000,1.09,13000,415722
2009,PE,oat,1427.6,12000,0.89,10700,350869
2010,PE,oat,1354,11500,1.05,12200,409975
2011,PE,oat,1370.1,10500,1.05,11000,378592
2012,PE,oat,1032.3,10000,1.09,10900,384011
2013,PE,oat,1013.2,9500,1.13,10500,378455
2014,PE,oat,1427.7,8000,1.01,8000,294850
2015,PE,oat,1387.3,12000,1.09,13100,493467
2016,PE,oat,1073.4,10000,1.17,11400,438697
2017,PE,oat,1060.3,11000,1.01,11100,436176
2018,PE,oat,1202.3,10000,0.99,9900,397070
2019,PE,oat,1198.1,10000,1.01,10100,413302
2020,PE,oat,728.3,7700,1.15,8800,367259
2021,PE,oat,1261.8,6200,1.06,6587,280257
2022,PE,oat,1262.9,5431,1.14,6179,267921
1995,QC,oat,1264.6,192700,0.89,175000,3746795
1996,QC,oat,1313.1,177900,1.05,185000,4111293
1997,QC,oat,1095.9,180400,1.09,195000,4492050
1998,QC,oat,1136.5,177900,1.09,197000,4698273
1999,QC,oat,1147.5,177900,1.05,190000,4685790
2000,QC,oat,1044.9,173000,1.05,180000,4585500
2001,QC,oat,807.2,190300,1.13,218000,5730773
2002,QC,oat,909.8,254500,1.05,270000,7317242
2003,QC,oat,1252.4,264400,1.05,280000,7815877
2004,QC,oat,1153.1,254500,1.09,278000,7986049
2005,QC,oat,1295.9,275500,0.97,265000,7828032
2006,QC,oat,1280,275500,0.97,270000,8195227
2007,QC,oat,1294,269300,1.05,280000,8726379
2008,QC,oat,1461.4,232300,0.89,205000,6555611
2009,QC,oat,1131,242200,0.89,220000,7214138
2010,QC,oat,1015.7,259500,1.01,263000,8837980
2011,QC,oat,1320.2,237200,0.93,223000,7675088
2012,QC,oat,1115.7,223100,0.97,220000,7750685
2013,QC,oat,1234.3,194400,0.97,189000,6812190
2014,QC,oat,1267.1,189700,1.01,191500,7057978
2015,QC,oat,1253.2,239300,1.05,249000,9379638
2016,QC,oat,1324.3,195000,1.05,204400,7865757
2017,QC,oat,1231.8,143300,1.05,149000,5854974
2018,QC,oat,1227.4,173900,0.96,167100,6702060
2019,QC,oat,1278.3,175600,1.08,189600,7758626
2020,QC,oat,1338.7,196500,0.88,173200,7228324
2021,QC,oat,942.6,159800,1.24,197158,8388466
2022,QC,oat,1305.4,189100,1.11,210280,9117714
1995,SK,oat,375.5,1200000,0.93,1110400,23773949
1996,SK,oat,446.4,1800000,1.05,1881500,41812960
1997,SK,oat,312.9,1650000,0.85,1403400,32328938
1998,SK,oat,280,1850000,0.93,1758100,41929107
1999,SK,oat,401.4,1550000,0.97,1534500,37843918
2000,SK,oat,344.6,1415000,0.97,1377200,35084170
2001,SK,oat,159.7,1300000,0.73,960800,25257461
2002,SK,oat,299.3,1500000,0.69,1048700,28420711
2003,SK,oat,233.8,1350000,0.73,994700,27765903
2004,SK,oat,402.6,1250000,1.01,1280000,36770297
2005,SK,oat,523,1425000,1.09,1546800,45692075
2006,SK,oat,488.8,1790000,0.97,1727300,52428205
2007,SK,oat,366,2350000,0.97,2317900,72238839
2008,SK,oat,327.1,1900000,1.17,2267100,72498661
2009,SK,oat,298.5,1180000,1.26,1465100,48042883
2010,SK,oat,642.5,740000,1.05,771100,25912420
2011,SK,oat,285.4,1265000,1.26,1582300,54458709
2012,SK,oat,510.2,1175000,1.13,1326300,46726059
2013,SK,oat,279.6,1585000,1.46,2328700,83934110
2014,SK,oat,364.9,1150000,1.34,1557600,57407345
2015,SK,oat,292.4,1375000,1.42,1927800,72618743
2016,SK,oat,345.1,1140000,1.46,1653300,63622587
2017,SK,oat,234.3,1420000,1.42,1989000,78158010
2018,SK,oat,207.7,1205700,1.4,1689100,67746553
2019,SK,oat,266.4,1493100,1.48,2215400,90656440
2020,SK,oat,297.4,1630000,1.41,2296400,95837899
2021,SK,oat,180.7,1383000,0.83,1152527,49036478
2022,SK,oat,208.7,1688000,1.52,2567136,
