year,province ,crop ,precipitation(mm),harvested area (acres),yield (tonnes/acres),production (tonnes),total farm gate value ($),,
1995,AB,corn ,350.1,4940,4.95,27203,4136,,
1996,AB,corn ,482.1,5025,4.86,27208,3209,,
1997,AB,corn ,491.3,4897.5,4.91,26726.5,3459.5,,
1998,AB,corn ,489.1,4770,4.95,26245,3710,,
1999,AB,corn ,423.8,4900,2.66,14560,2245,,
2000,AB,corn ,396.5,4950,4.05,22318,2205,,
2001,AB,corn ,352.1,5290,4.10,23945,2970,,
2002,AB,corn ,235.2,4450,4.19,20690,2400,,
2003,AB,corn ,473.4,5550,3.11,19050,4300,,
2004,AB,corn ,525.5,4300,3.78,18000,3100,,
2005,AB,corn ,287.2,3465,3.51,13500,3440,,
2006,AB,corn ,442.5,4000,3.65,16250,3000,,
2007,AB,corn ,272,4000,3.60,16050,2975,,
2008,AB,corn ,292.7,4000,3.60,16000,3400,,
2009,AB,corn ,243.5,3800,4.01,17000,3200,,
2010,AB,corn ,383,3282,4.05,14815,2857,,
2011,AB,corn ,391.4,4007,3.15,14029,3343,,
2012,AB,corn ,369.5,3017,4.19,14102,3081,,
2013,AB,corn ,483.5,3367,3.87,14407,4036,,
2014,AB,corn ,360,3062,4.86,16578,4095,,
2015,AB,corn ,289.3,2760,5.09,15558,3932,,
2016,AB,corn ,489.5,2457,6.08,16548,3748,,
2017,AB,corn ,376.3,2065,7.07,16259,3652,,
2018,AB,corn ,368.6,2126,,14554,4205,,
2019,AB,corn ,463,2000,,14224,4317,,
2020,AB,corn ,498.7,2505,,14794,4534,,
2021,AB,corn ,270.6,2588,,12919,4126,,
2022,AB,corn ,397,3200,4.05,14500,4400,,
1995,BC,corn ,1272.8,2875,4.64,14787,3946,,
1996,BC,corn ,1462.8,3285,3.74,13562,4777,,
1997,BC,corn ,1521.8,2375,4.82,12750,5460,,
1998,BC,corn ,1160.5,2760,4.55,13908,5430,,
1999,BC,corn ,1394.4,2740,4.10,12505,5915,,
2000,BC,corn ,1010.8,2730,3.42,10410,4460,,
2001,BC,corn ,1178.5,3100,4.41,15213,5265,,
2002,BC,corn ,857.6,2750,4.32,13250,4300,,
2003,BC,corn ,1106.1,2800,3.20,10000,4250,,
2004,BC,corn ,1210.6,2660,3.69,10950,4750,,
2005,BC,corn ,1215.2,2502,4.23,11767,5926,,
2006,BC,corn ,1224.2,3315,3.20,11810,6700,,
2007,BC,corn ,1322.4,3150,3.375,11750,6650,,
2008,BC,corn ,1025.8,3030,3.51,11850,6150,,
2009,BC,corn ,1090.6,2120,3.06,7242,5711,,
2010,BC,corn ,1207,2285,2.25,5734,5522,,
2011,BC,corn ,1068.5,2913,2.565,8280,7150,,
2012,BC,corn ,1211.3,3001,2.655,8781,7780,,
2013,BC,corn ,944,2983,2.88,9589,7620,,
2014,BC,corn ,1276.3,2867,3.105,9870,9617,,
2015,BC,corn ,1142.5,2426,3.06,8194,8835,,
2016,BC,corn ,1356.8,2634,3.33,9717,9847,,
2017,BC,corn ,1239.3,2284,2.61,6673,7391,,
2018,BC,corn ,1343.4,2320,,7288,8455,,
2019,BC,corn ,965.7,2410,,8627,7882,,
2020,BC,corn ,1140.4,2228,,6431,7162,,
2021,BC,corn ,1160.3,2498,,7814,8921,,
2022,BC,corn ,1046.3,2800,,,,,
1995,MB,corn ,,1000,4.5,5000,1170,,
1996,MB,corn ,,940,4.005,4164,1462,,
1997,MB,corn ,,,,,,,
1998,MB,corn ,,830,3.24,3000,1260,,
1999,MB,corn ,,700,1.98,1550,770,,
2000,MB,corn ,,670,3.015,2250,1125,,
2001,MB,corn ,,800,3.96,3500,1750,,
2002,MB,corn ,,750,2.385,1998,1625,,
2003,MB,corn ,,525,2.7,1570,750,,
2004,MB,corn ,,290,2.52,815,360,,
2005,MB,corn ,,300,2.295,763,350,,
2006,MB,corn ,,600,2.385,1600,,,
2007,MB,corn ,,600,1.575,1050,900,,
2008,MB,corn ,,555,1.62,995,980,,
2009,MB,corn ,,500,2.07,1156,987,,
2010,MB,corn ,,629,2.025,1416,1163,,
2011,MB,corn ,,645,2.34,1682,1272,,
2012,MB,corn ,,641,2.025,1458,1148,,
2013,MB,corn ,,573,1.575,1003,869,,
2014,MB,corn ,,414,2.655,1226,1037,,
2015,MB,corn ,,436,1.485,712,740,,
2016,MB,corn ,,423,1.98,925,921,,
2017,MB,corn ,,410,2.79,1263,1303,,
2018,MB,corn ,,377,,1129,1143,,
2019,MB,corn ,,394,,1075,1041,,
2020,MB,corn ,,343,,783,796,,
2021,MB,corn ,,350,,994,1091,,
2022,MB,corn ,,,,,,,
1995,NB,corn ,,557,2.025,1254,702,,
1996,NB,corn ,,643,2.655,1896,834,,
1997,NB,corn ,,600,2.115,1413,800,,
1998,NB,corn ,,575,1.35,860,600,,
1999,NB,corn ,,480,1.215,650,560,,
2000,NB,corn ,,450,1.665,833,665,,
2001,NB,corn ,,560,2.07,1290,875,,
2002,NB,corn ,,550,2.07,1275,775,,
2003,NB,corn ,,435,1.845,900,625,,
2004,NB,corn ,,440,2.34,1150,690,,
2005,NB,corn ,,450,1.935,975,700,,
2006,NB,corn ,,410,2.205,1000,800,,
2007,NB,corn ,,400,1.395,625,650,,
2008,NB,corn ,,350,1.935,755,770,,
2009,NB,corn ,,410,2.115,965,1056,,
2010,NB,corn ,,345,1.755,681,744,,
2011,NB,corn ,,329,2.115,767,838,,
2012,NB,corn ,,362,1.71,679,775,,
2013,NB,corn ,,304,2.16,731,856,,
2014,NB,corn ,,326,1.62,583,757,,
2015,NB,corn ,,291,2.385,776,1038,,
2016,NB,corn ,,283,1.755,553,815,,
2017,NB,corn ,,282,1.575,487,777,,
2018,NB,corn ,,288,,538,816,,
2019,NB,corn ,,286,,608,864,,
2020,NB,corn ,,272,,621,894,,
2021,NB,corn ,,305,,724,1044,,
2022,NB,corn ,,,,,,,
1995,NL,corn ,,,,,,,
1996,NL,corn ,,,,,,,
1997,NL,corn ,,,,,,,
1998,NL,corn ,,,,,,,
1999,NL,corn ,,,,,,,
2000,NL,corn ,,,,,,,
2001,NL,corn ,,,,,,,
2002,NL,corn ,,5,1.8,10,15,,
2003,NL,corn ,,15,2.115,35,55,,
2004,NL,corn ,,,,,,,
2005,NL,corn ,,10,0.45,5,5,,
2006,NL,corn ,,35,0.495,20,25,,
2007,NL,corn ,,35,0.9,35,50,,
2008,NL,corn ,,30,0.9,30,30,,
2009,NL,corn ,,,,,,,
2010,NL,corn ,,12,1.62,22,28,,
2011,NL,corn ,,,,3,,,
2012,NL,corn ,,8,1.71,15,30,,
2013,NL,corn ,,,,15,,,
2014,NL,corn ,,,,16,,,
2015,NL,corn ,,,,17,,,
2016,NL,corn ,,20,0.9,20,23,,
2017,NL,corn ,,16,0.9,16,36,,
2018,NL,corn ,,15,,19,36,,
2019,NL,corn ,,13,,17,35,,
2020,NL,corn ,,17,,17,37,,
2021,NL,corn ,,20,,24,47,,
2022,NL,corn ,,,,,,,
1995,NS,corn ,,650,1.89,1365,729,,
1996,NS,corn ,,711,2.565,2027,811,,
1997,NS,corn ,,620,1.485,1030,490,,
1998,NS,corn ,,580,1.44,930,410,,
1999,NS,corn ,,500,3.15,1750,470,,
2000,NS,corn ,,440,2.52,1240,575,,
2001,NS,corn ,,650,1.71,1225,650,,
2002,NS,corn ,,650,2.07,1500,650,,
2003,NS,corn ,,700,1.755,1350,625,,
2004,NS,corn ,,500,2.115,1170,640,,
2005,NS,corn ,,475,2.25,1180,865,,
2006,NS,corn ,,565,2.385,1500,645,,
2007,NS,corn ,,500,3.24,1800,920,,
2008,NS,corn ,,400,2.7,1200,650,,
2009,NS,corn ,,330,1.71,620,530,,
2010,NS,corn ,,390,2.565,1119,597,,
2011,NS,corn ,,608,2.43,1643,1233,,
2012,NS,corn ,,566,2.475,1547,1097,,
2013,NS,corn ,,539,2.43,1462,1169,,
2014,NS,corn ,,433,2.385,1153,1149,,
2015,NS,corn ,,393,1.71,746,821,,
2016,NS,corn ,,435,1.8,879,1054,,
2017,NS,corn ,,413,2.16,989,992,,
2018,NS,corn ,,430,,892,924,,
2019,NS,corn ,,420,,706,785,,
2020,NS,corn ,,404,,902,997,,
2021,NS,corn ,,420,,998,1158,,
2022,NS,corn ,,,,,,,
1995,ON,corn ,,44405,4.275,211442,28360,,
1996,ON,corn ,,48100,4.455,239015,34450,,
1997,ON,corn ,,46880,4.545,237000,24529,,
1998,ON,corn ,,44830,4.635,231438,24920,,
1999,ON,corn ,,46100,4.68,240150,24890,,
2000,ON,corn ,,43120,3.42,164663,18195,,
2001,ON,corn ,,46065,4.185,214500,21155,,
2002,ON,corn ,,42000,3.915,182600,22245,,
2003,ON,corn ,,43100,4.86,231675,25065,,
2004,ON,corn ,,36100,4.725,190000,23200,,
2005,ON,corn ,,33700,4.455,167250,22100,,
2006,ON,corn ,,35126,5.175,201440,33993,,
2007,ON,corn ,,33400,5.175,192500,25500,,
2008,ON,corn ,,26000,4.5,130000,28000,,
2009,ON,corn ,,22230,5.355,132265,35989,,
2010,ON,corn ,,23309,4.815,124309,30473,,
2011,ON,corn ,,25536,4.725,133846,35019,,
2012,ON,corn ,,23829,4.725,124528,33708,,
2013,ON,corn ,,23204,4.77,122761,37130,,
2014,ON,corn ,,22186,5.4,132732,37760,,
2015,ON,corn ,,22661,5.13,129676,40246,,
2016,ON,corn ,,22270,4.455,109787,34408,,
2017,ON,corn ,,19003,5.445,114565,37854,,
2018,ON,corn ,,19022,,111569,36681,,
2019,ON,corn ,,18375,,110595,36142,,
2020,ON,corn ,,19281,,124454,42641,,
2021,ON,corn ,,19532,,120049,42087,,
2022,ON,corn ,,,,,,,
1995,PE,corn ,,85,2.025,192,108,,
1996,PE,corn ,,82,2.16,199,93,,
1997,PE,corn ,,75,2.385,200,125,,
1998,PE,corn ,,70,2.79,218,140,,
1999,PE,corn ,,,,,,,
2000,PE,corn ,,50,2.25,125,100,,
2001,PE,corn ,,,,,,,
2002,PE,corn ,,65,3.285,238,150,,
2003,PE,corn ,,70,3.06,238,185,,
2004,PE,corn ,,,,,,,
2005,PE,corn ,,75,3.015,250,95,,
2006,PE,corn ,,70,2.43,188,145,,
2007,PE,corn ,,50,3.825,213,200,,
2008,PE,corn ,,50,3.69,205,230,,
2009,PE,corn ,,35,2.205,86,67,,
2010,PE,corn ,,50,2.07,116,131,,
2011,PE,corn ,,52,2.7,155,121,,
2012,PE,corn ,,59,1.98,129,127,,
2013,PE,corn ,,56,1.755,109,122,,
2014,PE,corn ,,54,,128,,,
2015,PE,corn ,,,,97,,,
2016,PE,corn ,,,,69,,,
2017,PE,corn ,,55,1.98,120,168,,
2018,PE,corn ,,55,,238,193,,
2019,PE,corn ,,55,,271,244,,
2020,PE,corn ,,52,,209,234,,
2021,PE,corn ,,54,,184,261,,
2022,PE,corn ,,,,,,,
1995,QC,corn ,,23230,3.87,99325,17198,,
1996,QC,corn ,,28680,3.375,107400,16190,,
1997,QC,corn ,,27860,3.825,117940,21520,,
1998,QC,corn ,,27740,3.51,108165,20230,,
1999,QC,corn ,,24430,3.51,95000,16600,,
2000,QC,corn ,,24735,3.24,89295,16135,,
2001,QC,corn ,,25605,2.745,77580,15520,,
2002,QC,corn ,,23920,3.24,85980,16880,,
2003,QC,corn ,,21700,3.78,91650,16665,,
2004,QC,corn ,,21600,3.915,94000,17100,,
2005,QC,corn ,,20750,3.69,85000,15400,,
2006,QC,corn ,,22050,3.825,94222,17307,,
2007,QC,corn ,,22200,4.14,102500,19200,,
2008,QC,corn ,,20536,3.96,90844,20978,,
2009,QC,corn ,,21214,4.05,95927,24991,,
2010,QC,corn ,,20229,4.05,91521,22175,,
2011,QC,corn ,,21346,3.735,88840,23871,,
2012,QC,corn ,,20156,3.87,86376,25542,,
2013,QC,corn ,,19723,4.095,89697,24099,,
2014,QC,corn ,,18940,3.825,80445,23005,,
2015,QC,corn ,,18223,4.455,90472,24286,,
2016,QC,corn ,,17833,4.14,82172,24742,,
2017,QC,corn ,,16920,4.05,76306,23346,,
2018,QC,corn ,,16374,,72449,23250,,
2019,QC,corn ,,16012,,72324,26522,,
2020,QC,corn ,,15702,,69577,26470,,
2021,QC,corn ,,15760,,71976,25899,,
2022,QC,corn ,,,,,,,
1995,SK,corn ,375.5,415,,0,0,,
1996,SK,corn ,446.4,350,0.945,361,210,,
1997,SK,corn ,312.9,300,0.9,300,215,,
1998,SK,corn ,280,190,1.89,400,225,,
1999,SK,corn ,401.4,210,0.765,175,140,,
2000,SK,corn ,344.6,160,1.35,240,220,,
2001,SK,corn ,159.7,200,0.945,213,140,,
2002,SK,corn ,299.3,195,1.035,223,220,,
2003,SK,corn ,233.8,125,0.9,125,125,,
2004,SK,corn ,402.6,30,0.54,18,20,,
2005,SK,corn ,523,100,0.45,48,45,,
2006,SK,corn ,488.8,110,0.765,95,50,,
2007,SK,corn ,366,90,0.315,33,35,,
2008,SK,corn ,327.1,55,0.495,30,70,,
2009,SK,corn ,298.5,70,1.215,94,110,,
2010,SK,corn ,642.5,51,,,75,,
2011,SK,corn ,285.4,111,1.215,148,190,,
2012,SK,corn ,510.2,134,0.855,130,210,,
2013,SK,corn ,279.6,127,1.35,194,250,,
2014,SK,corn ,364.9,130,,394,,,
2015,SK,corn ,292.4,150,2.295,382,382,,
2016,SK,corn ,345.1,155,1.8,312,343,,
2017,SK,corn ,234.3,,,335,,,
2018,SK,corn ,207.7,135,,,489,,
2019,SK,corn ,266.4,130,,500,541,,
2020,SK,corn ,297.4,117,,432,509,,
2021,SK,corn ,180.7,48,,135,148,,
2022,SK,corn ,208.7,,,,,,
1995,AB,wheat,350.1,6620000,1.09,7266500,,,
1996,AB,wheat,482.1,7190000,1.09,7789100,,,
1997,AB,wheat,491.3,6625000,1.05,6839300,,,
1998,AB,wheat,489.1,6690000,1.01,6752300,,,
1999,AB,wheat,423.8,7130000,1.13,8219200,,,
2000,AB,wheat,396.5,6947000,1.01,7123700,,,
2001,AB,wheat,352.1,6480000,0.89,5864900,,,
2002,AB,wheat,235.2,4588000,0.77,3522400,,,
2003,AB,wheat,473.4,6128000,1.05,6429600,,,
2004,AB,wheat,525.5,6105000,1.26,7571400,,,
2005,AB,wheat,287.2,6450000,1.30,8371400,,,
2006,AB,wheat,442.5,6370000,1.17,7503400,,,
2007,AB,wheat,272,5685000,1.05,6076100,,,
2008,AB,wheat,292.7,6845000,1.30,8736200,,,
2009,AB,wheat,243.5,6685000,1.13,7440700,,,
2010,AB,wheat,383,6430000,1.30,8201300,,,
2011,AB,wheat,391.4,6617000,1.34,8839600,,,
2012,AB,wheat,369.5,6485000,1.30,8368800,,,
2013,AB,wheat,483.5,7160000,1.58,11329000,,,
2014,AB,wheat,360,6740000,1.38,9372800,,,
2015,AB,wheat,289.3,6710000,1.26,8290000,,,
2016,AB,wheat,489.5,6389000,1.58,10106600,,,
2017,AB,wheat,376.3,6965000,1.42,9980100,,,
2018,AB,wheat,368.6,7391600,1.35,10006100,,,
2019,AB,wheat,463,7208900,1.42,10263200,,,
2020,AB,wheat,498.7,7276400,1.52,11041000,,,
2021,AB,wheat,270.6,6774300,0.95,6419000,,,
2022,AB,wheat,397,7491500,1.52,11343305,,,
1995,BC,wheat,1272.8,110000,1.30,140700,,,
1996,BC,wheat,1462.8,60000,1.34,78900,,,
1997,BC,wheat,1521.8,50000,1.26,62100,,,
1998,BC,wheat,1160.5,67000,1.13,76500,,,
1999,BC,wheat,1394.4,97000,1.01,97500,,,
2000,BC,wheat,1010.8,85000,1.09,93900,,,
2001,BC,wheat,1178.5,75000,1.13,83600,,,
2002,BC,wheat,857.6,32000,1.09,34700,,,
2003,BC,wheat,1106.1,49000,1.09,53100,,,
2004,BC,wheat,1210.6,51000,1.01,52500,,,
2005,BC,wheat,1215.2,45000,1.30,58200,,,
2006,BC,wheat,1224.2,54000,0.77,40800,,,
2007,BC,wheat,1322.4,40000,1.22,48600,,,
2008,BC,wheat,1025.8,60000,0.77,46700,,,
2009,BC,wheat,1090.6,75000,0.93,71200,,,
2010,BC,wheat,1207,59000,0.73,43700,,,
2011,BC,wheat,1068.5,76000,1.58,121600,,,
2012,BC,wheat,1211.3,75000,1.30,96000,,,
2013,BC,wheat,944,93000,1.62,151800,,,
2014,BC,wheat,1276.3,93000,1.17,109400,,,
2015,BC,wheat,1142.5,98000,1.38,134900,,,
2016,BC,wheat,1356.8,89000,1.58,139600,,,
2017,BC,wheat,1239.3,42000,1.46,61000,,,
2018,BC,wheat,1343.4,66600,1.54,102100,,,
2019,BC,wheat,965.7,71800,1.55,111200,,,
2020,BC,wheat,1140.4,51800,1.18,61600,,,
2021,BC,wheat,1160.3,61600,1.05,64846,,,
2022,BC,wheat,1046.3,82900,1.34,110846,,,
1995,MB,wheat,,3990000,0.85,3404700,,,
1996,MB,wheat,,4200000,1.05,4376500,,,
1997,MB,wheat,,3880000,0.85,3350200,,,
1998,MB,wheat,,3230000,1.01,3219700,,,
1999,MB,wheat,,3145000,1.01,3158300,,,
2000,MB,wheat,,3885000,1.09,4266000,,,
2001,MB,wheat,,3910000,0.89,3430600,,,
2002,MB,wheat,,3365000,0.97,3325200,,,
2003,MB,wheat,,3310000,1.17,3944800,,,
2004,MB,wheat,,3015000,1.22,3707300,,,
2005,MB,wheat,,2700000,0.89,2367600,,,
2006,MB,wheat,,3270000,1.17,3794900,,,
2007,MB,wheat,,2900000,1.09,3211400,,,
2008,MB,wheat,,3185000,1.34,4280900,,,
2009,MB,wheat,,3080000,1.34,4144900,,,
2010,MB,wheat,,2905000,1.13,3250900,,,
2011,MB,wheat,,2125000,1.05,2228900,,,
2012,MB,wheat,,2980000,1.34,3923000,,,
2013,MB,wheat,,3332000,1.54,5160000,,,
2014,MB,wheat,,2885000,1.34,3797500,,,
2015,MB,wheat,,3095000,1.38,4218300,,,
2016,MB,wheat,,2947200,1.42,4217400,,,
2017,MB,wheat,,2682000,1.34,4475900,,,
2018,MB,wheat,,2888900,1.66,4791600,,,
2019,MB,wheat,,3052800,1.66,5050000,,,
2020,MB,wheat,,3158900,1.67,5274100,,,
2021,MB,wheat,,2876600,1.30,3750909,,,
2022,MB,wheat,,3011400,1.58,4758248,,,
1995,NB,wheat,,7000,1.13,7700,,,
1996,NB,wheat,,8700,1.50,12800,,,
1997,NB,wheat,,9000,1.38,12100,,,
1998,NB,wheat,,8000,1.54,12000,,,
1999,NB,wheat,,10400,1.58,16400,,,
2000,NB,wheat,,7900,1.38,11000,,,
2001,NB,wheat,,9300,1.22,11100,,,
2002,NB,wheat,,12500,1.58,20100,,,
2003,NB,wheat,,14000,1.09,15300,,,
2004,NB,wheat,,13000,1.26,16200,,,
2005,NB,wheat,,5000,1.30,6300,,,
2006,NB,wheat,,3300,0.89,2800,,,
2007,NB,wheat,,4500,1.22,5400,,,
2008,NB,wheat,,5500,1.05,5800,,,
2009,NB,wheat,,3500,0.97,3300,,,
2010,NB,wheat,,3000,1.34,4000,,,
2011,NB,wheat,,3500,1.38,4800,,,
2012,NB,wheat,,5000,1.30,6300,,,
2013,NB,wheat,,5500,1.34,7300,,,
2014,NB,wheat,,8000,1.13,9100,,,
2015,NB,wheat,,10000,1.42,13900,,,
2016,NB,wheat,,8500,1.38,11400,,,
2017,NB,wheat,,7000,1.50,10300,,,
2018,NB,wheat,,10500,1.40,14500,,,
2019,NB,wheat,,12100,1.52,18400,,,
2020,NB,wheat,,13000,1.11,14300,,,
2021,NB,wheat,,7000,1.58,10867,,,
2022,NB,wheat,,9000,1.51,13428,,,
1995,NL,wheat,,,,,,,
1996,NL,wheat,,,,,,,
1997,NL,wheat,,,,,,,
1998,NL,wheat,,,,,,,
1999,NL,wheat,,,,,,,
2000,NL,wheat,,,,,,,
2001,NL,wheat,,,,,,,
2002,NL,wheat,,,,,,,
2003,NL,wheat,,,,,,,
2004,NL,wheat,,,,,,,
2005,NL,wheat,,,,,,,
2006,NL,wheat,,,,,,,
2007,NL,wheat,,,,,,,
2008,NL,wheat,,,,,,,
2009,NL,wheat,,,,,,,
2010,NL,wheat,,,,,,,
2011,NL,wheat,,,,,,,
2012,NL,wheat,,,,,,,
2013,NL,wheat,,,,,,,
2014,NL,wheat,,,,,,,
2015,NL,wheat,,,,,,,
2016,NL,wheat,,,,,,,
2017,NL,wheat,,,,,,,
2018,NL,wheat,,,,,,,
2019,NL,wheat,,,,,,,
2020,NL,wheat,,,,,,,
2021,NL,wheat,,,,,,,
2022,NL,wheat,,,,,,,
1995,NS,wheat,,7700,1.34,10200,,,
1996,NS,wheat,,6700,1.46,9700,,,
1997,NS,wheat,,5200,1.09,5700,,,
1998,NS,wheat,,6900,1.22,8400,,,
1999,NS,wheat,,5900,1.09,6400,,,
2000,NS,wheat,,6400,1.50,9600,,,
2001,NS,wheat,,7100,1.26,9100,,,
2002,NS,wheat,,9000,1.78,16000,,,
2003,NS,wheat,,8500,1.34,11200,,,
2004,NS,wheat,,9000,1.62,14400,,,
2005,NS,wheat,,7500,1.50,11100,,,
2006,NS,wheat,,5900,1.38,8200,,,
2007,NS,wheat,,3800,1.34,5000,,,
2008,NS,wheat,,7500,1.58,11700,,,
2009,NS,wheat,,6500,1.50,9700,,,
2010,NS,wheat,,7000,1.34,9100,,,
2011,NS,wheat,,7000,1.86,13000,,,
2012,NS,wheat,,6500,1.70,10800,,,
2013,NS,wheat,,6500,1.62,10500,,,
2014,NS,wheat,,5500,1.70,9200,,,
2015,NS,wheat,,7500,2.07,15200,,,
2016,NS,wheat,,7400,1.98,14700,,,
2017,NS,wheat,,6500,2.07,13200,,,
2018,NS,wheat,,5100,1.94,9600,,,
2019,NS,wheat,,4300,1.64,7300,,,
2020,NS,wheat,,8000,1.49,11800,,,
2021,NS,wheat,,4500,1.80,8007,,,
2022,NS,wheat,,6100,1.95,12546,,,
1995,ON,wheat,,735000,1.86,91000,,,
1996,ON,wheat,,780000,1.09,78700,,,
1997,ON,wheat,,528000,1.62,100200,,,
1998,ON,wheat,,800000,1.66,94100,,,
1999,ON,wheat,,800000,1.90,95600,,,
2000,ON,wheat,,775000,1.94,80200,,,
2001,ON,wheat,,665000,1.86,95600,,,
2002,ON,wheat,,750000,1.82,103300,,,
2003,ON,wheat,,1105000,2.03,123400,,,
2004,ON,wheat,,890000,1.90,108000,,,
2005,ON,wheat,,985000,1.78,104100,,,
2006,ON,wheat,,1230000,2.15,113400,,,
2007,ON,wheat,,775000,1.86,87900,,,
2008,ON,wheat,,1450000,2.07,67900,,,
2009,ON,wheat,,1098000,1.90,79800,,,
2010,ON,wheat,,987000,2.07,75600,,,
2011,ON,wheat,,1215000,1.98,64400,,,
2012,ON,wheat,,929000,2.07,60900,,,
2013,ON,wheat,,1150000,2.11,75600,,,
2014,ON,wheat,,855000,2.07,70900,,,
2015,ON,wheat,,774000,2.07,154200,,,
2016,ON,wheat,,1199000,2.31,80200,,,
2017,ON,wheat,,1010000,2.27,71100,,,
2018,ON,wheat,,995500,2.21,65600,,,
2019,ON,wheat,,751100,2.03,104700,,,
2020,ON,wheat,,1149200,2.16,103700,,,
2021,ON,wheat,,1176800,2.39,81053,,,
2022,ON,wheat,,940700,2.55,111869,,,
1995,PE,wheat,,22500,1.30,29100,,,
1996,PE,wheat,,23700,1.38,32200,,,
1997,PE,wheat,,23000,1.26,29000,,,
1998,PE,wheat,,22800,1.34,30400,,,
1999,PE,wheat,,25000,0.97,24700,,,
2000,PE,wheat,,25500,1.46,36600,,,
2001,PE,wheat,,27100,1.13,30500,,,
2002,PE,wheat,,28000,1.50,41400,,,
2003,PE,wheat,,25000,1.22,30000,,,
2004,PE,wheat,,30000,1.05,32000,,,
2005,PE,wheat,,29000,1.26,36000,,,
2006,PE,wheat,,26900,1.13,30200,,,
2007,PE,wheat,,26000,1.26,33000,,,
2008,PE,wheat,,40000,1.05,42900,,,
2009,PE,wheat,,23700,1.26,29600,,,
2010,PE,wheat,,26500,1.09,28800,,,
2011,PE,wheat,,22500,1.34,30400,,,
2012,PE,wheat,,21000,1.42,29600,,,
2013,PE,wheat,,19000,1.34,25100,,,
2014,PE,wheat,,24000,1.30,31500,,,
2015,PE,wheat,,30500,1.42,43400,,,
2016,PE,wheat,,33800,1.42,48200,,,
2017,PE,wheat,,37000,1.54,56700,,,
2018,PE,wheat,,40000,1.51,60800,,,
2019,PE,wheat,,38800,1.57,60800,,,
2020,PE,wheat,,44200,1.42,62200,,,
2021,PE,wheat,,30200,1.64,49826,,,
2022,PE,wheat,,39160,1.90,74464,,,
1995,QC,wheat,,88800,1.13,99400,,,
1996,QC,wheat,,82800,1.13,92500,,,
1997,QC,wheat,,64500,1.26,81600,,,
1998,QC,wheat,,60800,1.17,70500,,,
1999,QC,wheat,,58600,1.22,71100,,,
2000,QC,wheat,,67000,1.34,88800,,,
2001,QC,wheat,,89000,1.30,114000,,,
2002,QC,wheat,,110000,1.34,145500,,,
2003,QC,wheat,,136600,1.26,172000,,,
2004,QC,wheat,,123100,1.34,163500,,,
2005,QC,wheat,,135900,1.17,161800,,,
2006,QC,wheat,,134400,1.17,160400,,,
2007,QC,wheat,,138900,1.26,173700,,,
2008,QC,wheat,,131000,1.13,149500,,,
2009,QC,wheat,,135200,1.09,148500,,,
2010,QC,wheat,,128500,1.22,157000,,,
2011,QC,wheat,,102500,1.13,116000,,,
2012,QC,wheat,,122600,1.30,160000,,,
2013,QC,wheat,,145000,1.26,183300,,,
2014,QC,wheat,,161800,1.26,204500,,,
2015,QC,wheat,,200200,1.42,281500,,,
2016,QC,wheat,,217000,1.42,310100,,,
2017,QC,wheat,,226100,1.30,295000,,,
2018,QC,wheat,,227900,1.27,290100,,,
2019,QC,wheat,,200400,1.38,276400,,,
2020,QC,wheat,,264100,0.94,248500,,,
2021,QC,wheat,,235100,1.47,344818,,,
2022,QC,wheat,,218800,1.59,347135,,,
1995,SK,wheat,375.5,15905000,0.81,12663500,,,
1996,SK,wheat,446.4,17950000,0.93,16547000,,,
1997,SK,wheat,312.9,17025000,0.77,13070300,,,
1998,SK,wheat,280,15505000,0.81,12600700,,,
1999,SK,wheat,401.4,14380000,0.97,13839500,,,
2000,SK,wheat,344.6,15025000,0.89,13411800,,,
2001,SK,wheat,159.7,14945000,0.65,9850800,,,
2002,SK,wheat,299.3,12630000,0.61,7484300,,,
2003,SK,wheat,233.8,14465000,0.69,10174500,,,
2004,SK,wheat,402.6,12965000,0.89,11561700,,,
2005,SK,wheat,523,12880000,1.01,12972200,,,
2006,SK,wheat,488.8,12830000,0.85,11103900,,,
2007,SK,wheat,366,11718000,0.77,9094800,,,
2008,SK,wheat,327.1,13025000,0.93,12342300,,,
2009,SK,wheat,298.5,12765000,1.01,12993500,,,
2010,SK,wheat,642.5,9955000,0.97,9566300,,,
2011,SK,wheat,285.4,10965000,1.05,11525800,,,
2012,SK,wheat,510.2,12800000,1.01,12727300,,,
2013,SK,wheat,279.6,13905000,1.34,18298300,,,
2014,SK,wheat,364.9,12835000,1.09,14158100,,,
2015,SK,wheat,292.4,12695000,1.01,13044500,,,
2016,SK,wheat,345.1,11290000,1.30,14548600,,,
2017,SK,wheat,234.3,11223000,0.94,13185400,,,
2018,SK,wheat,207.7,12790600,1.16,14877100,,,
2019,SK,wheat,266.4,12519200,1.23,15360800,,,
2020,SK,wheat,297.4,12788800,1.27,16238400,,,
2021,SK,wheat,180.7,11550200,0.77,8833900,,,
2022,SK,wheat,208.7,13113300,1.13,14766371,,,
1995,AB,potato,350.1,29500,14.9,439.1,74346,,
1996,AB,potato,482.1,29500,13.4,415.4,57875,,
1997,AB,potato,491.3,29500,14.5,442.3,67932,,
1998,AB,potato,489.1,29500,14.8,475.0,75696,,
1999,AB,potato,423.8,29500,14.5,613.4,104829,,
2000,AB,potato,396.5,29500,15.5,739.4,110571,,
2001,AB,potato,352.1,29500,15.8,902.5,153435,,
2002,AB,potato,235.2,29500,14.0,781.2,148638,,
2003,AB,potato,473.4,29500,16.5,1006.5,169375,,
2004,AB,potato,525.5,29500,17.5,997.5,168715,,
2005,AB,potato,287.2,29500,17.2,885.8,153213,,
2006,AB,potato,442.5,29500,17.1,914.9,157609,,
2007,AB,potato,272,29500,17.1,934.4,157157,,
2008,AB,potato,292.7,29500,16.8,873.6,191154,,
2009,AB,potato,243.5,29500,16.1,800.2,170177,,
2010,AB,potato,383,29500,15.7,706.5,147293,,
2011,AB,potato,391.4,29500,16.4,821.7,180745,,
2012,AB,potato,369.5,29500,17.1,934.8,195980,,
2013,AB,potato,483.5,29500,17.9,911.7,,,
2014,AB,potato,360,29500,18.1,934.5,,,
2015,AB,potato,289.3,29500,19.2,963.5,,,
2016,AB,potato,489.5,29500,19.2,976.0,,,
2017,AB,potato,376.3,29500,20.1,1028.6,,,
2018,AB,potato,368.6,29500,20.4,1088.1,,,
2019,AB,potato,463,29500,19.1,1085.9,,,
2020,AB,potato,498.7,29500,20.2,1170.4,,,
2021,AB,potato,270.6,29500,18.2,1230.7,,,
2022,AB,potato,397,29500,18.8,1340.7,,,
1995,BC,potato,1272.8,8800,15.3,134.2,38431,,
1996,BC,potato,1462.8,8700,12.0,104.4,24903,,
1997,BC,potato,1521.8,7000,11.3,78.8,21555,,
1998,BC,potato,1160.5,8000,12.0,96.0,32447,,
1999,BC,potato,1394.4,8200,13.0,106.6,37782,,
2000,BC,potato,1010.8,8300,13.0,107.9,35657,,
2001,BC,potato,1178.5,8600,14.0,120.4,46812,,
2002,BC,potato,857.6,8700,14.5,126.2,63455,,
2003,BC,potato,1106.1,8800,14.8,129.8,49197,,
2004,BC,potato,1210.6,8300,14.5,120.4,45787,,
2005,BC,potato,1215.2,8500,13.8,116.9,49979,,
2006,BC,potato,1224.2,8500,14.0,119.0,46310,,
2007,BC,potato,1322.4,8000,15.0,120.0,52645,,
2008,BC,potato,1025.8,7500,15.5,116.3,46340,,
2009,BC,potato,1090.6,7000,14.5,101.5,42820,,
2010,BC,potato,1207,3500,15.0,52.5,22282,,
2011,BC,potato,1068.5,6900,13.8,94.9,43272,,
2012,BC,potato,1211.3,7000,13.8,96.3,39013,,
2013,BC,potato,944,6100,14.0,85.4,,,
2014,BC,potato,1276.3,5800,13.5,78.2,,,
2015,BC,potato,1142.5,6070,13.7,83.2,,,
2016,BC,potato,1356.8,7000,15.8,110.3,,,
2017,BC,potato,1239.3,6400,14.3,91.2,,,
2018,BC,potato,1343.4,6600,15.9,105.0,,,
2019,BC,potato,965.7,6600,16.3,107.3,,,
2020,BC,potato,1140.4,6500,16.6,107.8,,,
2021,BC,potato,1160.3,6400,16.3,104.0,,,
2022,BC,potato,1046.3,5000,16.0,80.0,,,
1995,MB,potato,,60000,10.3,615.0,79100,,
1996,MB,potato,,68500,12.3,839.2,105162,,
1997,MB,potato,,71500,11.5,822.3,126168,,
1998,MB,potato,,72500,11.8,851.9,115035,,
1999,MB,potato,,73000,11.3,821.3,117748,,
2000,MB,potato,,74000,12.5,925.0,143643,,
2001,MB,potato,,74600,11.7,872.8,143463,,
2002,MB,potato,,84000,11.0,924.0,149157,,
2003,MB,potato,,101500,12.3,1243.4,163384,,
2004,MB,potato,,93000,12.3,1139.3,167980,,
2005,MB,potato,,76000,10.5,798.0,136629,,
2006,MB,potato,,79600,13.5,1074.6,187057,,
2007,MB,potato,,84500,14.0,1183.0,205484,,
2008,MB,potato,,81000,14.0,1134.0,236927,,
2009,MB,potato,,77500,14.0,1085.0,251318,,
2010,MB,potato,,68000,14.0,952.0,176288,,
2011,MB,potato,,70000,12.5,875.0,171390,,
2012,MB,potato,,75500,13.8,1038.2,205175,,
2013,MB,potato,,69500,15.5,1077.3,,,
2014,MB,potato,,62450,15.4,962.0,,,
2015,MB,potato,,67000,16.1,1081.5,,,
2016,MB,potato,,64000,17.5,1120.0,,,
2017,MB,potato,,62800,17.7,1110.0,,,
2018,MB,potato,,58800,17.3,1015.0,,,
2019,MB,potato,,57000,17.3,985.0,,,
2020,MB,potato,,71200,16.9,1200.0,,,
2021,MB,potato,,78000,16.0,1246.4,,,
2022,MB,potato,,79250,16.5,1307.0,,,
1995,NB,potato,,55000,11.0,605.0,77985,,
1996,NB,potato,,53000,13.5,715.5,67856,,
1997,NB,potato,,56000,13.0,728.0,86102,,
1998,NB,potato,,56700,13.3,751.3,103102,,
1999,NB,potato,,55000,12.5,687.5,94750,,
2000,NB,potato,,55000,12.8,701.3,91868,,
2001,NB,potato,,57400,12.5,717.5,152967,,
2002,NB,potato,,58000,13.0,754.0,118321,,
2003,NB,potato,,58500,12.8,745.9,91198,,
2004,NB,potato,,58000,14.3,826.5,83207,,
2005,NB,potato,,56500,13.0,734.5,127547,,
2006,NB,potato,,59000,15.0,885.0,100538,,
2007,NB,potato,,58500,14.5,848.3,110197,,
2008,NB,potato,,54500,13.0,708.5,144940,,
2009,NB,potato,,54500,13.5,735.8,129054,,
2010,NB,potato,,51300,14.8,756.7,146455,,
2011,NB,potato,,48500,12.3,594.2,117384,,
2012,NB,potato,,50250,14.4,721.9,152540,,
2013,NB,potato,,46800,14.6,682.4,,,
2014,NB,potato,,47600,15.0,715.4,,,
2015,NB,potato,,47450,15.9,755.0,,,
2016,NB,potato,,47000,15.3,716.8,,,
2017,NB,potato,,51600,14.7,758.0,,,
2018,NB,potato,,51000,15.4,783.5,,,
2019,NB,potato,,52800,15.5,820.0,,,
2020,NB,potato,,48450,11.9,575.0,,,
2021,NB,potato,,52000,17.5,910.0,,,
2022,NB,potato,,51600,16.5,850.0,,,
1995,NL,potato,,800,7.0,5.6,1754,,
1996,NL,potato,,800,6.8,5.4,1654,,
1997,NL,potato,,800,6.5,5.2,1312,,
1998,NL,potato,,700,6.7,4.7,1445,,
1999,NL,potato,,500,6.3,3.2,1140,,
2000,NL,potato,,600,7.5,4.5,1399,,
2001,NL,potato,,600,8.0,4.8,1395,,
2002,NL,potato,,700,8.2,5.8,1940,,
2003,NL,potato,,700,10.7,7.5,2280,,
2004,NL,potato,,600,9.5,5.7,1726,,
2005,NL,potato,,600,8.3,5.0,1842,,
2006,NL,potato,,700,11.5,8.1,3301,,
2007,NL,potato,,700,8.8,6.2,2498,,
2008,NL,potato,,700,8.0,5.6,2975,,
2009,NL,potato,,600,7.0,4.2,2248,,
2010,NL,potato,,500,8.8,4.4,1996,,
2011,NL,potato,,500,9.0,4.5,1981,,
2012,NL,potato,,500,8.8,4.4,1810,,
2013,NL,potato,,,0.0,0.0,,,
2014,NL,potato,,,0.0,0.0,,,
2015,NL,potato,,,0.0,0.0,,,
2016,NL,potato,,,0.0,0.0,,,
2017,NL,potato,,325,9.7,3.2,,,
2018,NL,potato,,300,9.4,2.8,,,
2019,NL,potato,,301,9.0,2.7,,,
2020,NL,potato,,325,8.5,2.8,,,
2021,NL,potato,,300,9.2,2.8,,,
2022,NL,potato,,350,7.5,2.6,,,
1995,NS,potato,,4700,10.5,49.4,7689,,
1996,NS,potato,,4700,10.3,48.2,7602,,
1997,NS,potato,,4600,9.5,43.7,6310,,
1998,NS,potato,,4800,10.3,49.2,7141,,
1999,NS,potato,,4800,10.5,50.4,8986,,
2000,NS,potato,,5200,12.0,62.4,11775,,
2001,NS,potato,,5200,7.5,39.0,7085,,
2002,NS,potato,,5500,11.0,60.5,11656,,
2003,NS,potato,,5200,10.8,55.9,9785,,
2004,NS,potato,,4800,11.8,56.4,9767,,
2005,NS,potato,,3300,10.8,35.5,6247,,
2006,NS,potato,,2600,10.5,27.3,5209,,
2007,NS,potato,,2500,11.3,28.2,5457,,
2008,NS,potato,,2200,13.0,28.6,6618,,
2009,NS,potato,,2200,13.3,29.2,6675,,
2010,NS,potato,,2000,11.8,23.5,5721,,
2011,NS,potato,,2000,11.5,23.0,5848,,
2012,NS,potato,,1900,11.0,20.9,4821,,
2013,NS,potato,,1900,11.9,22.5,,,
2014,NS,potato,,1725,14.1,24.4,,,
2015,NS,potato,,1200,13.8,16.5,,,
2016,NS,potato,,1600,13.5,21.6,,,
2017,NS,potato,,1600,13.5,21.6,,,
2018,NS,potato,,1400,13.0,18.3,,,
2019,NS,potato,,1600,13.0,20.8,,,
2020,NS,potato,,1200,12.5,15.0,,,
2021,NS,potato,,1150,15.5,17.9,,,
2022,NS,potato,,800,15.0,12.0,,,
1995,ON,potato,,38100,10.6,403.9,56144,,
1996,ON,potato,,37000,10.0,370.0,54365,,
1997,ON,potato,,38800,10.0,388.0,62871,,
1998,ON,potato,,43100,9.0,387.9,61013,,
1999,ON,potato,,41800,9.3,386.7,65182,,
2000,ON,potato,,39800,9.5,378.1,61957,,
2001,ON,potato,,42800,9.3,395.9,89842,,
2002,ON,potato,,41700,8.4,348.2,91778,,
2003,ON,potato,,43900,10.3,450.0,88194,,
2004,ON,potato,,39000,10.1,393.9,65838,,
2005,ON,potato,,35500,8.7,308.9,74003,,
2006,ON,potato,,36000,10.5,376.2,86221,,
2007,ON,potato,,36000,7.2,257.4,66573,,
2008,ON,potato,,35200,11.0,387.2,117112,,
2009,ON,potato,,36400,10.8,391.3,99719,,
2010,ON,potato,,38000,10.8,408.5,109604,,
2011,ON,potato,,36500,8.8,319.4,91704,,
2012,ON,potato,,39500,9.5,375.3,101978,,
2013,ON,potato,,37500,11.3,421.9,,,
2014,ON,potato,,35000,11.8,411.3,,,
2015,ON,potato,,34650,11.5,398.5,,,
2016,ON,potato,,34750,9.5,330.2,,,
2017,ON,potato,,34800,11.3,391.5,,,
2018,ON,potato,,33750,10.3,346.0,,,
2019,ON,potato,,33527,10.0,335.3,,,
2020,ON,potato,,35800,10.5,375.9,,,
2021,ON,potato,,37302,12.0,447.7,,,
2022,ON,potato,,37100,11.0,408.0,,,
1995,PE,potato,,108000,13.3,1431.0,168787,,
1996,PE,potato,,109000,13.0,1417.0,138956,,
1997,PE,potato,,112000,13.3,1484.0,187290,,
1998,PE,potato,,110000,13.3,1457.5,218355,,
1999,PE,potato,,110000,13.0,1430.0,195617,,
2000,PE,potato,,108000,13.5,1458.0,139947,,
2001,PE,potato,,107000,8.6,920.2,192511,,
2002,PE,potato,,107500,14.0,1505.0,229825,,
2003,PE,potato,,105500,13.3,1397.9,162248,,
2004,PE,potato,,105500,13.8,1450.7,165411,,
2005,PE,potato,,96000,13.8,1320.0,234915,,
2006,PE,potato,,95800,15.5,1484.9,201812,,
2007,PE,potato,,96000,14.3,1368.0,221978,,
2008,PE,potato,,89000,14.0,1246.0,249212,,
2009,PE,potato,,82000,15.0,1230.0,227673,,
2010,PE,potato,,86000,15.0,1290.0,277361,,
2011,PE,potato,,86000,14.3,1225.5,284983,,
2012,PE,potato,,83700,14.5,1214.2,257470,,
2013,PE,potato,,82900,15.1,1250.5,,,
2014,PE,potato,,84700,14.9,1262.0,,,
2015,PE,potato,,85300,14.6,1242.5,,,
2016,PE,potato,,86700,14.8,1286.2,,,
2017,PE,potato,,83200,14.7,1223.2,,,
2018,PE,potato,,79200,14.3,1130.0,,,
2019,PE,potato,,84000,14.5,1215.1,,,
2020,PE,potato,,83500,12.6,1050.0,,,
2021,PE,potato,,84500,16.1,1360.5,,,
2022,PE,potato,,81900,16.2,1330.0,,,
1995,QC,potato,,45200,10.5,472.9,73852,,
1996,QC,potato,,45200,11.3,512.6,68846,,
1997,QC,potato,,46200,10.9,501.5,73918,,
1998,QC,potato,,45200,11.6,523.6,83750,,
1999,QC,potato,,43500,11.7,507.1,86075,,
2000,QC,potato,,44700,11.7,523.0,86317,,
2001,QC,potato,,46000,11.5,528.5,120938,,
2002,QC,potato,,47900,10.5,503.6,104361,,
2003,QC,potato,,48900,11.9,581.3,86849,,
2004,QC,potato,,46200,13.3,613.3,88349,,
2005,QC,potato,,47400,11.4,538.7,120592,,
2006,QC,potato,,45000,13.0,583.1,103468,,
2007,QC,potato,,44700,14.3,637.4,106697,,
2008,QC,potato,,41800,13.1,547.6,152737,,
2009,QC,potato,,41800,13.2,549.9,116681,,
2010,QC,potato,,42700,13.5,574.3,155622,,
2011,QC,potato,,41300,13.6,562.5,148154,,
2012,QC,potato,,41514,13.3,550.1,130636,,
2013,QC,potato,,42255,13.6,573.9,,,
2014,QC,potato,,41019,13.8,567.5,,,
2015,QC,potato,,41019,15.1,618.0,,,
2016,QC,potato,,41514,14.7,611.7,,,
2017,QC,potato,,41761,15.0,625.3,,,
2018,QC,potato,,40167,14.0,561.1,,,
2019,QC,potato,,43167,14.7,632.4,,,
2020,QC,potato,,44588,14.3,636.6,,,
2021,QC,potato,,45776,15.4,705.0,,,
2022,QC,potato,,48326,15.4,745.8,,,
1995,SK,potato,375.5,6100,11.5,70.2,19091,,
1996,SK,potato,446.4,6500,11.5,74.8,18618,,
1997,SK,potato,312.9,8500,12.3,104.2,28353,,
1998,SK,potato,280,13200,13.3,174.9,38242,,
1999,SK,potato,401.4,7900,12.5,98.8,29431,,
2000,SK,potato,344.6,10200,13.3,135.2,38460,,
2001,SK,potato,159.7,12300,12.3,150.7,52195,,
2002,SK,potato,299.3,12500,14.3,178.2,58899,,
2003,SK,potato,233.8,13000,15.8,204.8,60255,,
2004,SK,potato,402.6,12000,14.0,168.0,34725,,
2005,SK,potato,523,10900,13.3,144.5,36787,,
2006,SK,potato,488.8,10300,13.5,139.1,34476,,
2007,SK,potato,366,9500,12.3,116.4,35736,,
2008,SK,potato,327.1,9500,13.8,130.7,48919,,
2009,SK,potato,298.5,8000,14.5,116.0,44551,,
2010,SK,potato,642.5,7000,12.8,89.3,37531,,
2011,SK,potato,285.4,7000,14.0,98.0,41334,,
2012,SK,potato,510.2,6500,12.5,81.3,30596,,
2013,SK,potato,279.6,6500,13.8,89.4,,,
2014,SK,potato,364.9,6550,12.3,80.3,,,
2015,SK,potato,292.4,6700,12.5,83.8,,,
2016,SK,potato,345.1,6800,12.5,85.0,,,
2017,SK,potato,234.3,6500,12.5,81.3,,,
2018,SK,potato,207.7,5900,12.3,72.7,,,
2019,SK,potato,266.4,6000,12.5,75.0,,,
2020,SK,potato,297.4,6000,11.7,70.0,,,
2021,SK,potato,180.7,6200,12.3,76.0,,,
2022,SK,potato,208.7,5800,12.5,72.5,,,
1995,AB,soybean,350.1,,,,,,
1996,AB,soybean,482.1,,,,,,
1997,AB,soybean,491.3,,,,,,
1998,AB,soybean,489.1,,,,,,
1999,AB,soybean,423.8,,,,,,
2000,AB,soybean,396.5,,,,,,
2001,AB,soybean,352.1,,,,,,
2002,AB,soybean,235.2,,,,,,
2003,AB,soybean,473.4,,,,,,
2004,AB,soybean,525.5,,,,,,
2005,AB,soybean,287.2,,,,,,
2006,AB,soybean,442.5,,,,,,
2007,AB,soybean,272,,,,,,
2008,AB,soybean,292.7,,,,,,
2009,AB,soybean,243.5,,,,,,
2010,AB,soybean,383,,,,,,
2011,AB,soybean,391.4,,,,,,
2012,AB,soybean,369.5,,,,,,
2013,AB,soybean,483.5,,,,,,
2014,AB,soybean,360,,,,,,
2015,AB,soybean,289.3,,,,,,
2016,AB,soybean,489.5,,,,,,
2017,AB,soybean,376.3,,,,,,
2018,AB,soybean,368.6,,,,,,
2019,AB,soybean,463,,,,,,
2020,AB,soybean,498.7,,,,,,
2021,AB,soybean,270.6,,,,,,
2022,AB,soybean,397,,,,,,
1995,BC,soybean,1272.8,,,,,,
1996,BC,soybean,1462.8,,,,,,
1997,BC,soybean,1521.8,,,,,,
1998,BC,soybean,1160.5,,,,,,
1999,BC,soybean,1394.4,,,,,,
2000,BC,soybean,1010.8,,,,,,
2001,BC,soybean,1178.5,,,,,,
2002,BC,soybean,857.6,,,,,,
2003,BC,soybean,1106.1,,,,,,
2004,BC,soybean,1210.6,,,,,,
2005,BC,soybean,1215.2,,,,,,
2006,BC,soybean,1224.2,,,,,,
2007,BC,soybean,1322.4,,,,,,
2008,BC,soybean,1025.8,,,,,,
2009,BC,soybean,1090.6,,,,,,
2010,BC,soybean,1207,,,,,,
2011,BC,soybean,1068.5,,,,,,
2012,BC,soybean,1211.3,,,,,,
2013,BC,soybean,944,,,,,,
2014,BC,soybean,1276.3,,,,,,
2015,BC,soybean,1142.5,,,,,,
2016,BC,soybean,1356.8,,,,,,
2017,BC,soybean,1239.3,,,,,,
2018,BC,soybean,1343.4,,,,,,
2019,BC,soybean,965.7,,,,,,
2020,BC,soybean,1140.4,,,,,,
2021,BC,soybean,1160.3,,,,,,
2022,BC,soybean,1046.3,,,,,,
1995,MB,soybean,,,,,,,
1996,MB,soybean,,,,,,,
1997,MB,soybean,,,,,,,
1998,MB,soybean,,,,,,,
1999,MB,soybean,,,,,,,
2000,MB,soybean,,,,,,,
2001,MB,soybean,,50000,0.73,,,,
2002,MB,soybean,,130000,0.85,,,,
2003,MB,soybean,,220000,0.69,,,,
2004,MB,soybean,,100000,0.41,,,,
2005,MB,soybean,,95000,0.61,,,,
2006,MB,soybean,,350000,0.73,,,,
2007,MB,soybean,,215000,0.93,,,,
2008,MB,soybean,,275000,0.89,,,,
2009,MB,soybean,,400000,0.81,,,,
2010,MB,soybean,,510000,0.85,,,,
2011,MB,soybean,,570000,0.73,,,,
2012,MB,soybean,,825000,0.93,,,,
2013,MB,soybean,,1045000,1.01,,,,
2014,MB,soybean,,1290000,0.85,,,,
2015,MB,soybean,,1405000,0.97,,,,
2016,MB,soybean,,1585000,1.13,,,,
2017,MB,soybean,,2285000,0.97,,,,
2018,MB,soybean,,1870400,0.93,,,,
2019,MB,soybean,,1412200,0.80,,,,
2020,MB,soybean,,1145700,1.02,,,,
2021,MB,soybean,,1307600,0.74,,,,
2022,MB,soybean,,1127200,1.17,,,,
1995,NB,soybean,,,,,,,
1996,NB,soybean,,,,,,,
1997,NB,soybean,,,,,,,
1998,NB,soybean,,,,,,,
1999,NB,soybean,,,,,,,
2000,NB,soybean,,,,,,,
2001,NB,soybean,,,,,,,
2002,NB,soybean,,,,,,,
2003,NB,soybean,,,,,,,
2004,NB,soybean,,,,,,,
2005,NB,soybean,,,,,,,
2006,NB,soybean,,,,,,,
2007,NB,soybean,,,,,,,
2008,NB,soybean,,,,,,,
2009,NB,soybean,,,,,,,
2010,NB,soybean,,9500,2400,,,,
2011,NB,soybean,,10000,2100,,,,
2012,NB,soybean,,10000,2300,,,,
2013,NB,soybean,,16000,2000,,,,
2014,NB,soybean,,12500,2300,,,,
2015,NB,soybean,,11000,2400,,,,
2016,NB,soybean,,13000,2400,,,,
2017,NB,soybean,,21000,1900,,,,
2018,NB,soybean,,13100,2804,,,,
2019,NB,soybean,,11000,2145,,,,
2020,NB,soybean,,7300,1816,,,,
2021,NB,soybean,,9900,2814,,,,
2022,NB,soybean,,,,,,,
1995,NL,soybean,,,,,,,
1996,NL,soybean,,,,,,,
1997,NL,soybean,,,,,,,
1998,NL,soybean,,,,,,,
1999,NL,soybean,,,,,,,
2000,NL,soybean,,,,,,,
2001,NL,soybean,,,,,,,
2002,NL,soybean,,,,,,,
2003,NL,soybean,,,,,,,
2004,NL,soybean,,,,,,,
2005,NL,soybean,,,,,,,
2006,NL,soybean,,,,,,,
2007,NL,soybean,,,,,,,
2008,NL,soybean,,,,,,,
2009,NL,soybean,,,,,,,
2010,NL,soybean,,5500,,,,,
2011,NL,soybean,,8500,,,,,
2012,NL,soybean,,9500,,,,,
2013,NL,soybean,,10000,,,,,
2014,NL,soybean,,12000,,,,,
2015,NL,soybean,,11000,,,,,
2016,NL,soybean,,11000,,,,,
2017,NL,soybean,,12500,,,,,
2018,NL,soybean,,13400,,,,,
2019,NL,soybean,,9600,,,,,
2020,NL,soybean,,9800,,,,,
2021,NL,soybean,,11400,,,,,
2022,NL,soybean,,13600,,,,,
1995,NS,soybean,,,,,,,
1996,NS,soybean,,,,,,,
1997,NS,soybean,,,,,,,
1998,NS,soybean,,,,,,,
1999,NS,soybean,,,,,,,
2000,NS,soybean,,,,,,,
2001,NS,soybean,,,,,,,
2002,NS,soybean,,,,,,,
2003,NS,soybean,,,,,,,
2004,NS,soybean,,,,,,,
2005,NS,soybean,,,,,,,
2006,NS,soybean,,,,,,,
2007,NS,soybean,,,,,,,
2008,NS,soybean,,,,,,,
2009,NS,soybean,,,,,,,
2010,NS,soybean,,5500,3000,,,,
2011,NS,soybean,,8500,2700,,,,
2012,NS,soybean,,9500,2800,,,,
2013,NS,soybean,,10000,3000,,,,
2014,NS,soybean,,12000,3000,,,,
2015,NS,soybean,,11000,2800,,,,
2016,NS,soybean,,11000,2800,,,,
2017,NS,soybean,,12500,3000,,,,
2018,NS,soybean,,13400,3416,,,,
2019,NS,soybean,,9600,2743,,,,
2020,NS,soybean,,9800,2831,,,,
2021,NS,soybean,,11400,3603,,,,
2022,NS,soybean,,13600,3111,,,,
1995,ON,soybean,,1815000,1.13,,,,
1996,ON,soybean,,1890000,1.01,,,,
1997,ON,soybean,,2315000,1.05,,,,
1998,ON,soybean,,2100000,1.13,,,,
1999,ON,soybean,,2125000,1.09,,,,
2000,ON,soybean,,2235000,1.05,,,,
2001,ON,soybean,,2225000,0.57,,,,
2002,ON,soybean,,2065000,0.93,,,,
2003,ON,soybean,,1990000,0.85,,,,
2004,ON,soybean,,2300000,1.09,,,,
2005,ON,soybean,,2315000,1.13,,,,
2006,ON,soybean,,2130000,1.26,,,,
2007,ON,soybean,,2225000,0.89,,,,
2008,ON,soybean,,2095000,1.17,,,,
2009,ON,soybean,,2465000,1.09,,,,
2010,ON,soybean,,2495000,1.26,,,,
2011,ON,soybean,,2463000,1.30,,,,
2012,ON,soybean,,2587000,1.30,,,,
2013,ON,soybean,,2595000,1.26,,,,
2014,ON,soybean,,3060000,1.26,,,,
2015,ON,soybean,,2930000,1.26,,,,
2016,ON,soybean,,2770000,1.26,,,,
2017,ON,soybean,,3060000,1.26,,,,
2018,ON,soybean,,3005000,1.40,,,,
2019,ON,soybean,,3089600,1.20,,,,
2020,ON,soybean,,2833300,1.38,,,,
2021,ON,soybean,,2904900,1.41,,,,
2022,ON,soybean,,3057100,1.31,,,,
1995,PE,soybean,,9000,0.73,,,,
1996,PE,soybean,,5600,0.77,,,,
1997,PE,soybean,,7000,0.81,,,,
1998,PE,soybean,,7000,0.89,,,,
1999,PE,soybean,,5000,1.09,,,,
2000,PE,soybean,,5400,0.85,,,,
2001,PE,soybean,,7000,0.65,,,,
2002,PE,soybean,,7500,0.89,,,,
2003,PE,soybean,,5800,0.93,,,,
2004,PE,soybean,,8000,0.81,,,,
2005,PE,soybean,,10000,0.93,,,,
2006,PE,soybean,,11300,0.97,,,,
2007,PE,soybean,,11000,1.01,,,,
2008,PE,soybean,,18000,0.93,,,,
2009,PE,soybean,,35000,1.01,,,,
2010,PE,soybean,,44000,0.93,,,,
2011,PE,soybean,,50500,0.89,,,,
2012,PE,soybean,,51000,1.01,,,,
2013,PE,soybean,,57000,1.01,,,,
2014,PE,soybean,,62000,0.93,,,,
2015,PE,soybean,,49500,0.93,,,,
2016,PE,soybean,,44000,0.93,,,,
2017,PE,soybean,,50000,0.97,,,,
2018,PE,soybean,,38700,1.12,,,,
2019,PE,soybean,,39200,0.93,,,,
2020,PE,soybean,,38100,1.03,,,,
2021,PE,soybean,,36100,1.24,,,,
2022,PE,soybean,,30500,1.18,,,,
1995,QC,soybean,,212500,1.17,,,,
1996,QC,soybean,,234800,1.09,,,,
1997,QC,soybean,,296500,1.13,,,,
1998,QC,soybean,,315100,1.26,,,,
1999,QC,soybean,,350900,1.26,,,,
2000,QC,soybean,,380500,1.01,,,,
2001,QC,soybean,,359500,0.89,,,,
2002,QC,soybean,,327400,0.97,,,,
2003,QC,soybean,,375600,1.05,,,,
2004,QC,soybean,,491700,1.05,,,,
2005,QC,soybean,,459600,1.09,,,,
2006,QC,soybean,,476900,1.13,,,,
2007,QC,soybean,,433700,1.09,,,,
2008,QC,soybean,,565900,1.05,,,,
2009,QC,soybean,,588100,0.89,,,,
2010,QC,soybean,,657300,1.26,,,,
2011,QC,soybean,,738800,1.09,,,,
2012,QC,soybean,,706000,1.22,,,,
2013,QC,soybean,,725700,1.17,,,,
2014,QC,soybean,,880000,1.01,,,,
2015,QC,soybean,,845000,1.30,,,,
2016,QC,soybean,,861700,1.30,,,,
2017,QC,soybean,,978500,1.13,,,,
2018,QC,soybean,,912700,1.28,,,,
2019,QC,soybean,,903100,1.27,,,,
2020,QC,soybean,,881000,1.32,,,,
2021,QC,soybean,,916800,1.20,,,,
2022,QC,soybean,,946300,1.19,,,,
1995,SK,soybean,375.5,,,,,,
1996,SK,soybean,446.4,,,,,,
1997,SK,soybean,312.9,,,,,,
1998,SK,soybean,280,,,,,,
1999,SK,soybean,401.4,,,,,,
2000,SK,soybean,344.6,,,,,,
2001,SK,soybean,159.7,,,,,,
2002,SK,soybean,299.3,,,,,,
2003,SK,soybean,233.8,,,,,,
2004,SK,soybean,402.6,,,,,,
2005,SK,soybean,523,,,,,,
2006,SK,soybean,488.8,,,,,,
2007,SK,soybean,366,,,,,,
2008,SK,soybean,327.1,,,,,,
2009,SK,soybean,298.5,,,,,,
2010,SK,soybean,642.5,,,,,,
2011,SK,soybean,285.4,,,,,,
2012,SK,soybean,510.2,,,,,,
2013,SK,soybean,279.6,160000,0.73,,,,
2014,SK,soybean,364.9,260000,0.65,,,,
2015,SK,soybean,292.4,265000,0.69,,,,
2016,SK,soybean,345.1,230000,0.89,,,,
2017,SK,soybean,234.3,845000,0.57,,,,
2018,SK,soybean,207.7,404600,0.57,,,,
2019,SK,soybean,266.4,139200,0.77,,,,
2020,SK,soybean,297.4,126300,0.54,,,,
2021,SK,soybean,180.7,85000,0.60,,,,
2022,SK,soybean,208.7,45400,0.81,,,,
1995,AB,oat,350.1,750000,1.01,771100,,,
1996,AB,oat,482.1,1050000,1.01,1079500,,,
1997,AB,oat,491.3,1000000,0.97,979300,,,
1998,AB,oat,489.1,800000,0.97,771100,,,
1999,AB,oat,423.8,800000,1.09,863600,,,
2000,AB,oat,396.5,600000,1.09,657000,,,
2001,AB,oat,352.1,600000,0.97,592200,,,
2002,AB,oat,235.2,450000,0.81,370100,,,
2003,AB,oat,473.4,820000,1.01,826600,,,
2004,AB,oat,525.5,700000,1.17,828200,,,
2005,AB,oat,287.2,675000,1.22,829700,,,
2006,AB,oat,442.5,705000,1.01,706300,,,
2007,AB,oat,272,620000,1.01,627400,,,
2008,AB,oat,292.7,500000,1.09,541300,,,
2009,AB,oat,243.5,300000,1.01,308400,,,
2010,AB,oat,383,530000,1.22,647700,,,
2011,AB,oat,391.4,585000,1.26,738700,,,
2012,AB,oat,369.5,432000,1.22,518200,,,
2013,AB,oat,483.5,410000,1.46,601500,,,
2014,AB,oat,360,455000,1.17,542900,,,
2015,AB,oat,289.3,360000,1.09,393300,,,
2016,AB,oat,489.5,430000,1.46,624600,,,
2017,AB,oat,376.3,425000,1.42,609200,,,
2018,AB,oat,368.6,512000,1.37,700100,,,
2019,AB,oat,463,578300,1.44,834800,,,
2020,AB,oat,498.7,605500,1.33,802000,,,
2021,AB,oat,270.6,525700,0.91,475538,,,
2022,AB,oat,397,752600,1.40,1054681,,,
1995,BC,oat,1272.8,50000,1.13,56300,,,
1996,BC,oat,1462.8,35000,0.89,31600,,,
1997,BC,oat,1521.8,30000,1.13,33500,,,
1998,BC,oat,1160.5,65000,1.01,66300,,,
1999,BC,oat,1394.4,65000,1.01,64800,,,
2000,BC,oat,1010.8,55000,0.93,50600,,,
2001,BC,oat,1178.5,40000,1.05,41500,,,
2002,BC,oat,857.6,65000,0.85,55500,,,
2003,BC,oat,1106.1,65000,1.26,81000,,,
2004,BC,oat,1210.6,40000,1.17,46300,,,
2005,BC,oat,1215.2,45000,1.26,56600,,,
2006,BC,oat,1224.2,35000,0.77,27600,,,
2007,BC,oat,1322.4,55000,1.09,60100,,,
2008,BC,oat,1025.8,40000,0.85,33900,,,
2009,BC,oat,1090.6,30000,1.13,33900,,,
2010,BC,oat,1207,45000,0.81,35500,,,
2011,BC,oat,1068.5,70000,1.26,86400,,,
2012,BC,oat,1211.3,65000,1.01,66300,,,
2013,BC,oat,944,70000,1.22,85900,,,
2014,BC,oat,1276.3,50000,1.05,51800,,,
2015,BC,oat,1142.5,50000,1.17,58000,,,
2016,BC,oat,1356.8,37000,1.54,56300,,,
2017,BC,oat,1239.3,36400,1.38,50100,,,
2018,BC,oat,1343.4,55600,1.31,72900,,,
2019,BC,oat,965.7,40600,1.41,57100,,,
2020,BC,oat,1140.4,49200,1.17,57600,,,
2021,BC,oat,1160.3,73400,1.18,86536,,,
2022,BC,oat,1046.3,71700,0.93,66709,,,
1995,MB,oat,,650000,0.97,624600,,,
1996,MB,oat,,960000,1.09,1056400,,,
1997,MB,oat,,700000,1.05,735600,,,
1998,MB,oat,,900000,1.13,1030200,,,
1999,MB,oat,,730000,1.17,854400,,,
2000,MB,oat,,860000,1.17,1016300,,,
2001,MB,oat,,800000,0.93,748000,,,
2002,MB,oat,,1000000,1.01,1017900,,,
2003,MB,oat,,850000,1.22,1033300,,,
2004,MB,oat,,670000,1.34,889900,,,
2005,MB,oat,,570000,0.77,440700,,,
2006,MB,oat,,840000,1.13,967400,,,
2007,MB,oat,,985000,1.22,1204500,,,
2008,MB,oat,,800000,1.38,1116600,,,
2009,MB,oat,,565000,1.38,771100,,,
2010,MB,oat,,520000,1.17,616900,,,
2011,MB,oat,,425000,1.01,431800,,,
2012,MB,oat,,498000,1.22,601500,,,
2013,MB,oat,,430000,1.42,613800,,,
2014,MB,oat,,375000,1.42,524400,,,
2015,MB,oat,,410000,1.46,595300,,,
2016,MB,oat,,380000,1.50,569100,,,
2017,MB,oat,,480000,1.70,820500,,,
2018,MB,oat,,445600,1.59,709000,,,
2019,MB,oat,,485000,1.64,793800,,,
2020,MB,oat,,649900,1.72,1117000,,,
2021,MB,oat,,669000,1.15,766600,,,
2022,MB,oat,,649600,1.80,1168612,,,
1995,NB,oat,,25000,0.85,20800,,,
1996,NB,oat,,22000,1.17,25400,,,
1997,NB,oat,,20000,1.01,20400,,,
1998,NB,oat,,20000,1.13,22500,,,
1999,NB,oat,,19000,0.97,18800,,,
2000,NB,oat,,20000,1.17,23100,,,
2001,NB,oat,,20500,0.97,19600,,,
2002,NB,oat,,21500,1.13,24200,,,
2003,NB,oat,,21000,1.01,21100,,,
2004,NB,oat,,20000,1.01,20400,,,
2005,NB,oat,,22500,1.09,25000,,,
2006,NB,oat,,24200,0.97,23500,,,
2007,NB,oat,,21000,1.13,24000,,,
2008,NB,oat,,24500,0.93,22700,,,
2009,NB,oat,,19000,0.93,17900,,,
2010,NB,oat,,23000,1.09,25200,,,
2011,NB,oat,,21500,0.73,15900,,,
2012,NB,oat,,20500,1.05,21200,,,
2013,NB,oat,,19000,1.05,19900,,,
2014,NB,oat,,26000,1.05,27000,,,
2015,NB,oat,,26500,1.22,32200,,,
2016,NB,oat,,25000,1.13,28600,,,
2017,NB,oat,,24500,1.22,29300,,,
2018,NB,oat,,20600,0.95,19700,,,
2019,NB,oat,,17300,1.16,20000,,,
2020,NB,oat,,12900,1.07,13700,,,
2021,NB,oat,,27000,1.39,37380,,,
2022,NB,oat,,28400,1.38,39319,,,
1995,NL,oat,,,,,,,
1996,NL,oat,,,,,,,
1997,NL,oat,,,,,,,
1998,NL,oat,,,,,,,
1999,NL,oat,,,,,,,
2000,NL,oat,,,,,,,
2001,NL,oat,,,,,,,
2002,NL,oat,,,,,,,
2003,NL,oat,,,,,,,
2004,NL,oat,,,,,,,
2005,NL,oat,,,,,,,
2006,NL,oat,,,,,,,
2007,NL,oat,,,,,,,
2008,NL,oat,,,,,,,
2009,NL,oat,,,,,,,
2010,NL,oat,,,,,,,
2011,NL,oat,,,,,,,
2012,NL,oat,,,,,,,
2013,NL,oat,,,,,,,
2014,NL,oat,,,,,,,
2015,NL,oat,,,,,,,
2016,NL,oat,,,,,,,
2017,NL,oat,,,,,,,
2018,NL,oat,,,,,,,
2019,NL,oat,,,,,,,
2020,NL,oat,,,,,,,
2021,NL,oat,,,,,,,
2022,NL,oat,,,,,,,
1995,NS,oat,,7600,1.01,7700,,,
1996,NS,oat,,6900,1.01,7100,,,
1997,NS,oat,,9400,0.81,7500,,,
1998,NS,oat,,9600,0.85,8300,,,
1999,NS,oat,,6200,0.89,5500,,,
2000,NS,oat,,4900,1.01,5000,,,
2001,NS,oat,,6500,0.89,5800,,,
2002,NS,oat,,6500,1.13,7400,,,
2003,NS,oat,,6000,0.97,5800,,,
2004,NS,oat,,5500,1.01,5600,,,
2005,NS,oat,,4500,1.13,5100,,,
2006,NS,oat,,5300,0.85,4400,,,
2007,NS,oat,,5000,0.93,4500,,,
2008,NS,oat,,5500,0.93,5100,,,
2009,NS,oat,,4500,1.05,4600,,,
2010,NS,oat,,4500,0.93,4200,,,
2011,NS,oat,,4000,1.05,4100,,,
2012,NS,oat,,4500,0.97,4300,,,
2013,NS,oat,,3000,0.93,2700,,,
2014,NS,oat,,2700,1.01,2700,,,
2015,NS,oat,,2000,1.05,2100,,,
2016,NS,oat,,2900,1.13,3300,,,
2017,NS,oat,,4000,0.93,3700,,,
2018,NS,oat,,2300,1.12,2600,,,
2019,NS,oat,,1900,0.93,1800,,,
2020,NS,oat,,3400,0.92,3100,,,
2021,NS,oat,,3900,1.20,4729,,,
2022,NS,oat,,1700,0.99,1680,,,
1995,ON,oat,,100000,0.89,91000,,,
1996,ON,oat,,95000,0.81,78700,,,
1997,ON,oat,,105000,0.97,100200,,,
1998,ON,oat,,100000,0.93,94100,,,
1999,ON,oat,,95000,1.01,95600,,,
2000,ON,oat,,85000,0.93,80200,,,
2001,ON,oat,,90000,1.05,95600,,,
2002,ON,oat,,100000,1.05,103300,,,
2003,ON,oat,,110000,1.13,123400,,,
2004,ON,oat,,100000,1.09,108000,,,
2005,ON,oat,,115000,0.89,104100,,,
2006,ON,oat,,110000,1.01,113400,,,
2007,ON,oat,,90000,0.97,87900,,,
2008,ON,oat,,65000,1.05,67900,,,
2009,ON,oat,,75000,1.05,79800,,,
2010,ON,oat,,70000,1.09,75600,,,
2011,ON,oat,,60000,1.09,64400,,,
2012,ON,oat,,55000,1.09,60900,,,
2013,ON,oat,,68000,1.09,75600,,,
2014,ON,oat,,63000,1.13,70900,,,
2015,ON,oat,,115000,1.34,154200,,,
2016,ON,oat,,65000,1.22,80200,,,
2017,ON,oat,,55000,1.30,71100,,,
2018,ON,oat,,57300,1.15,65600,,,
2019,ON,oat,,82000,1.28,104700,,,
2020,ON,oat,,92700,1.12,103700,,,
2021,ON,oat,,58900,1.38,81053,,,
2022,ON,oat,,77900,1.44,111869,,,
1995,PE,oat,,18000,0.89,15900,,,
1996,PE,oat,,13700,1.17,15900,,,
1997,PE,oat,,13000,1.09,14400,,,
1998,PE,oat,,10500,0.97,9900,,,
1999,PE,oat,,12500,1.13,14100,,,
2000,PE,oat,,12000,1.13,13900,,,
2001,PE,oat,,13000,0.69,9200,,,
2002,PE,oat,,10000,1.38,13600,,,
2003,PE,oat,,10000,1.09,10800,,,
2004,PE,oat,,10000,1.09,10800,,,
2005,PE,oat,,9000,1.09,9700,,,
2006,PE,oat,,12500,0.97,12300,,,
2007,PE,oat,,11500,1.05,12100,,,
2008,PE,oat,,12000,1.09,13000,,,
2009,PE,oat,,12000,0.89,10700,,,
2010,PE,oat,,11500,1.05,12200,,,
2011,PE,oat,,10500,1.05,11000,,,
2012,PE,oat,,10000,1.09,10900,,,
2013,PE,oat,,9500,1.13,10500,,,
2014,PE,oat,,8000,1.01,8000,,,
2015,PE,oat,,12000,1.09,13100,,,
2016,PE,oat,,10000,1.17,11400,,,
2017,PE,oat,,11000,1.01,11100,,,
2018,PE,oat,,10000,0.99,9900,,,
2019,PE,oat,,10000,1.01,10100,,,
2020,PE,oat,,7700,1.15,8800,,,
2021,PE,oat,,6200,1.06,6587,,,
2022,PE,oat,,5431,1.14,6179,,,
1995,QC,oat,,192700,0.89,175000,,,
1996,QC,oat,,177900,1.05,185000,,,
1997,QC,oat,,180400,1.09,195000,,,
1998,QC,oat,,177900,1.09,197000,,,
1999,QC,oat,,177900,1.05,190000,,,
2000,QC,oat,,173000,1.05,180000,,,
2001,QC,oat,,190300,1.13,218000,,,
2002,QC,oat,,254500,1.05,270000,,,
2003,QC,oat,,264400,1.05,280000,,,
2004,QC,oat,,254500,1.09,278000,,,
2005,QC,oat,,275500,0.97,265000,,,
2006,QC,oat,,275500,0.97,270000,,,
2007,QC,oat,,269300,1.05,280000,,,
2008,QC,oat,,232300,0.89,205000,,,
2009,QC,oat,,242200,0.89,220000,,,
2010,QC,oat,,259500,1.01,263000,,,
2011,QC,oat,,237200,0.93,223000,,,
2012,QC,oat,,223100,0.97,220000,,,
2013,QC,oat,,194400,0.97,189000,,,
2014,QC,oat,,189700,1.01,191500,,,
2015,QC,oat,,239300,1.05,249000,,,
2016,QC,oat,,195000,1.05,204400,,,
2017,QC,oat,,143300,1.05,149000,,,
2018,QC,oat,,173900,0.96,167100,,,
2019,QC,oat,,175600,1.08,189600,,,
2020,QC,oat,,196500,0.88,173200,,,
2021,QC,oat,,159800,1.24,197158,,,
2022,QC,oat,,189100,1.11,210280,,,
1995,SK,oat,375.5,1200000,0.93,1110400,,,
1996,SK,oat,446.4,1800000,1.05,1881500,,,
1997,SK,oat,312.9,1650000,0.85,1403400,,,
1998,SK,oat,280,1850000,0.93,1758100,,,
1999,SK,oat,401.4,1550000,0.97,1534500,,,
2000,SK,oat,344.6,1415000,0.97,1377200,,,
2001,SK,oat,159.7,1300000,0.73,960800,,,
2002,SK,oat,299.3,1500000,0.69,1048700,,,
2003,SK,oat,233.8,1350000,0.73,994700,,,
2004,SK,oat,402.6,1250000,1.01,1280000,,,
2005,SK,oat,523,1425000,1.09,1546800,,,
2006,SK,oat,488.8,1790000,0.97,1727300,,,
2007,SK,oat,366,2350000,0.97,2317900,,,
2008,SK,oat,327.1,1900000,1.17,2267100,,,
2009,SK,oat,298.5,1180000,1.26,1465100,,,
2010,SK,oat,642.5,740000,1.05,771100,,,
2011,SK,oat,285.4,1265000,1.26,1582300,,,
2012,SK,oat,510.2,1175000,1.13,1326300,,,
2013,SK,oat,279.6,1585000,1.46,2328700,,,
2014,SK,oat,364.9,1150000,1.34,1557600,,,
2015,SK,oat,292.4,1375000,1.42,1927800,,,
2016,SK,oat,345.1,1140000,1.46,1653300,,,
2017,SK,oat,234.3,1420000,1.42,1989000,,,
2018,SK,oat,207.7,1205700,1.40,1689100,,,
2019,SK,oat,266.4,1493100,1.48,2215400,,,
2020,SK,oat,297.4,1630000,1.41,2296400,,,
2021,SK,oat,180.7,1383000,0.83,1152527,,,
2022,SK,oat,208.7,1688000,1.52,2567136,,,
